blocktime,slot,signature,signer,token_in_name,token_in_amt,token_out_name,token_out_amt,action,auth_acc,obligation_acc,market
1642169246,116222072,g6RYY5hN2dZCvQqSZQ2A9H5htANBtfcZZqaK3SprG2FWVRkxN9xAZddNybtPVhSUiSHuu5DazsmFqm5yG5JVJqM,EAs2nCNt34RB5PVsLVtoLioWiHRJUDvDNXp4rCjgwNrJ,USDC,3585.5453829999997,,,BorrowObligationLiquidity,,6At5JNTkt7NCwjPzLvsedZZba3hYRJcko2DmQe3RraMC,main
1642182870,116243939,WrH4J5TH4EqxiLahjR85GBk9PjoCSsGfb8FLpP57mnomzTLZzszZJJ8Vn4JYFNUs9gXFeudAEZjMuCdeXv6kpYz,JD4FNyoSa2rALxALvpbHnfGYB7KDqcdNMgTpF1Tw9f9u,,,stSOL,-1.0,RepayObligationLiquidity,JD4FNyoSa2rALxALvpbHnfGYB7KDqcdNMgTpF1Tw9f9u,8zJUyjziieoUkYqk4EMPmvJJxgtNvDUYq3vFbAJdcCZ9,main
1642185923,116249013,N3c3EqEYLWJ7ab5LmAZG74uSZw2efKyAc3XWWrzsB89JRQiDsFntg4EtybPZvEr7hURUFRCtgezshji1wMJx3zf,DNiFqn1UqSzRVtvAbxjmiS7MB4xY7wDubzFFoz8r9jD6,USDC,5379.5330539999995,,,WithdrawObligationCollateralAndRedeemReserveCollateral,DNiFqn1UqSzRVtvAbxjmiS7MB4xY7wDubzFFoz8r9jD6,65q7xLPpxixpQKnrUpMdkV6Kbca3A6GaEphoV2Lo3rCZ,main
1642167882,116219771,4KB7FPiDqMWDvuNeu2GEVJTysQk38jymCUjZa3bvtYaff9PmG2Ev7LACLnKnRxMAe1GUNxLVEhe3NHRJK1gYV45A,3DkGsCMMM5nCXB8MjMHiKYLgHwphq7niLNew3skNvWiy,,,stSOL,-0.36786319300000003,DepositReserveLiquidityAndObligationCollateral,3DkGsCMMM5nCXB8MjMHiKYLgHwphq7niLNew3skNvWiy,FUPYZkyuLhyrn7tFpijhoERwHPKGBq7mrgFEBVb6DBr1,main
1642194909,116263931,25D8QthrdTba62rRRQqNmNqnQjZ7W5eFP5CCgMuntqj1RwLytczu79VWPLG9FNPNRuRVU8JdbkvyPmEH5MSDGUsv,3ZNJ9NsPGtBFd4MSLwrw1jnWz7rkMHUtGir5PC65jPNs,UST,1000.0,,,BorrowObligationLiquidity,,5sWPYjVBMeLFHeSfDzqmSi8bzYZVx6GEqCha8nJvHnji,main
1642175675,116232470,4v6VP1jhS3PKDxXv1NgLgZwAxPj2AH9arznAjAGuZL8YiTAddxYTbjyzMhZQBaunep7J7XwEJj9bBiw9mMQS1LsN,FmLZ6oUMVhUsZcSmLfdK4xDjujo2VrMDr4n8LFhQbarF,,,SOL,-2.1500000000000004,DepositReserveLiquidityAndObligationCollateral,FmLZ6oUMVhUsZcSmLfdK4xDjujo2VrMDr4n8LFhQbarF,7pVj1Nos6CpuRzuRUfJ1L2xaShfzDuD5UaqhirQGdidK,main
1642177674,116235444,2ykVbvnYKiaRJ28pnbtXqUiNpRTc8vadu4UbzEMFanQbAUCJ328QFPTygcqAhyrgp6BQj6UzS9UfTVpavWNXQHBm,Hr6E5qcZTyPm4jwunByz7GfpntqBtxjrQCoRAbAJGinQ,,,,,InitObligation,,74UTgdjH8UvAyNv59pHYVYnvY1uE8VSN6VMASw6zZT1,main
1642177674,116235444,2ykVbvnYKiaRJ28pnbtXqUiNpRTc8vadu4UbzEMFanQbAUCJ328QFPTygcqAhyrgp6BQj6UzS9UfTVpavWNXQHBm,Hr6E5qcZTyPm4jwunByz7GfpntqBtxjrQCoRAbAJGinQ,,,RAY,-5.2919279999999995,DepositReserveLiquidityAndObligationCollateral,Hr6E5qcZTyPm4jwunByz7GfpntqBtxjrQCoRAbAJGinQ,74UTgdjH8UvAyNv59pHYVYnvY1uE8VSN6VMASw6zZT1,main
1642184316,116246207,HMt7VMpXKo7BbBbGFDqP41M4xzxqyZpr3UtLAWFWnsvRptSHfpU4S4mk7qexMjCGseLVNHJfFESJFP2yvxV8Cgi,JD4FNyoSa2rALxALvpbHnfGYB7KDqcdNMgTpF1Tw9f9u,stSOL,4.500000154,,,WithdrawObligationCollateralAndRedeemReserveCollateral,JD4FNyoSa2rALxALvpbHnfGYB7KDqcdNMgTpF1Tw9f9u,8zJUyjziieoUkYqk4EMPmvJJxgtNvDUYq3vFbAJdcCZ9,main
1642197127,116267651,5XZVpdBh4ZDngxmtW4KnfwSRNnf25JjkMKeHGTwKoNxn2sAXgFCKWxha9G3f4vTetvbqKFsVdM1kE6AkyMsyNs5N,2ZME5f2fgapRFZXpfygK5baaXtS5qtTeYMSE9p1JLe3w,,,USDT,-13.539112999999999,RepayObligationLiquidity,2ZME5f2fgapRFZXpfygK5baaXtS5qtTeYMSE9p1JLe3w,3pgQT7CLeUFoyoUbouGK54TRxPWpwBQoZKEbMJiBNCiH,main
1642166667,116217739,66YadJYP1up9vf17cMLZjbCUJEcToc5un4P34qJumKvifTaEbKTwpNf2ViVRqyHZLRomrsxcB3zfL3ZCaXkG5gmi,BKizvx3rNZwCHpUzahxNcJ4EcHXCzBEaWcNMpLDWp3TB,SOL,200.00000246200003,,,WithdrawObligationCollateralAndRedeemReserveCollateral,BKizvx3rNZwCHpUzahxNcJ4EcHXCzBEaWcNMpLDWp3TB,DmMF6rByaYWGYKX5cCf3vE3Lkj8BrU4wcMYoTYBoGtNo,main
1642159541,116206025,4Yb17MZot2mUh5WRgkrjXWRXYGUaCRUdEq1RM8JNWU463Q4dPoUbXubwQLBvuNcLu8k7YRmj9UJdj7VRWzkMKBJF,Edfw965r3cUcUqePgJT5QcsZbtLSAaS8HQtaTD76bu2p,soFTT,24.000075,,,WithdrawObligationCollateralAndRedeemReserveCollateral,Edfw965r3cUcUqePgJT5QcsZbtLSAaS8HQtaTD76bu2p,7SSncUBXkk6rX6g452YC6XoSm5wFmgVNtaAxVAeD9Wmx,main
1642178819,116237394,4hqeu4CPYxz1PkFUrXarJNSZiWREJKKUNvnquGcgG1S39sipJeKgXzcGFGVWH1QBpJ5sqtg4PP917ctTRX4Ewe1t,GTfncSiC1U7NwcsN8i5FnYt3TcCAnJBAPykUKGQHgicu,USDC,20.000000999999997,,,WithdrawObligationCollateralAndRedeemReserveCollateral,GTfncSiC1U7NwcsN8i5FnYt3TcCAnJBAPykUKGQHgicu,6sgN2fGWpfcMGWzshUHiYnTUiYJhtZhpaxedBKrU9puq,main
1642181109,116240915,g7EAYMsgYYafkVH8CJBqWKtzFNoh3XxyABT8APEvKddjvWNz5fJhL7TPk6z2M5wPMvfzmbLX4qM1HHgGCdmARfi,GCiwuHwyWZuoxrixYrptaTv9JZ9DELzRP5RfiZCJFW7M,mSOL,0.609341737,,,WithdrawObligationCollateralAndRedeemReserveCollateral,GCiwuHwyWZuoxrixYrptaTv9JZ9DELzRP5RfiZCJFW7M,qMqViAWEVzrYLBtR1HkBYsbfBHtuYAdXM7HZm9YPqJ9,main
1642186887,116250645,7CsJKxGsraNWW4SotPNrAtjruGE7bG1YTRQMTksvFWJ9MVweWKjBBSN9T9ecHdFGbTRwfJyewXoH5uB8btSg6pY,BppktbG1zResanzV68CXKpzFAjn3JyC6cB6HD1jcMV5G,,,SOL,-0.30000000000000004,DepositReserveLiquidityAndObligationCollateral,BppktbG1zResanzV68CXKpzFAjn3JyC6cB6HD1jcMV5G,GXM7DRxucHdi3yh5Y8FYxitr2JwUadnX81tMRdLaok1m,main
1642189175,116254438,Aed5i4wADabzSEPUG1F3hq2kLJuSZXP2YShqsyiJFGUJx2kTa7K9Ba2HvitPZXCHdpjZe8mnneoQbNbFzSHZhLw,5pshEKJzkZ39fjTU74Sn9NCYyRiszbVW8PJ2voAvwzSe,SOL,0.066758194,,,BorrowObligationLiquidity,,GtMyouutoEfLpKaq9JbECsmS6rsmKapGh6KL7ubE1RxT,main
1642173849,116229425,3vHNGPMEHwL7JZyKi9wasTf9ZzEmWYtWaiN4FkJYaM3VKye73GSZeushetFmMd3zKYSFTghZYitXBtofXbw8UBWb,EUnNJwsNww7SQPEaAGdJXyET3WtUQrZejc8sg29BhCT4,,,SOL,-0.24000000000000002,DepositReserveLiquidityAndObligationCollateral,EUnNJwsNww7SQPEaAGdJXyET3WtUQrZejc8sg29BhCT4,HsRFuNkgSV3vnpcBQmjEpX5mCTcDZY8n4JfsK5QeHe9C,main
1642179314,116238247,2Zuai5SD6GwqcB4poqvRESb98fAizN7A9oSvFNkNnXbTf1peTGC3GtTCNsSnq6E2DBQKxWD54whTWA9ZDAMQTCFM,8xihY1DN47a6XEY23VXNiPKfS7o649GU2uKwT9H3rZoJ,,,mSOL,-0.486805965,DepositReserveLiquidityAndObligationCollateral,8xihY1DN47a6XEY23VXNiPKfS7o649GU2uKwT9H3rZoJ,HceW7JFSdsZo1TpCtSwqcBcdNCbVdyN8XXEKTnC3Rb48,main
1642203606,116278087,5sW7hRvwG7CshR5xHjHKiVn7NEhwfx2NFNg53Lq8rWQkQEbBEK1nsUfkJUiDHCtBBXxhjHStQTLPscaUVoSjsQho,AputDhDV1Kkq7qv7kZYNwpR5ByFjgQGKb3f8hnqR2Go1,SOL,4.5,,,BorrowObligationLiquidity,,45bB6KBAXDQgh2aX9W19wrC3VdrzsG2jKoExb37HLLWh,main
1642196265,116266154,pgBncTkJxMisjBztzJSubKzL4fpXfY4QxMKYUijsvNtnmTRgBDUH1pJVqP1WWJTqnw8ckTd5ZDyXQEwVSHWXNi8,6yfxgWM3KxtnpgyijjwXh7Fa6M31DkmL7mu5nT7eiSqr,,,USDT,-400.000101,RepayObligationLiquidity,6yfxgWM3KxtnpgyijjwXh7Fa6M31DkmL7mu5nT7eiSqr,7i818y5QgYzxSTxfPEb6WsUK8vvuSc2DH5tfYRSZivsp,main
1642197022,116267463,53QpZpHFX3pFBx9tJFEXTvTuX5wBKDMhDHzQP1KrkTSqFDHVTopfYLWtKfFqD34wDezpfqR6umvCn6MNjLhv5Z96,CQofjRav1wiVJQsox3Zuz8LTra6axCnoja6Qr8CcYLcD,mSOL,1.199999999,,,WithdrawObligationCollateralAndRedeemReserveCollateral,CQofjRav1wiVJQsox3Zuz8LTra6axCnoja6Qr8CcYLcD,7wBQP72RyXwzpei3muPfrubkXyVEBo9TdxHfCv75ry8W,main
1642171783,116226263,obGNDqE6kuEPM5zjUoaATiiMnJayv6aWqeb2VMPeaSFRLjBnYNGKSSNRvRHrNryxXArXKUMM7xacBUXKH7MtgRk,3dtC6PiMGRbLwgkZdeiDXmGKtmqD2UgbP1FnshhPLFet,USDC,100.0,,,BorrowObligationLiquidity,,CqaKytTqUk1Gjy6oiE84qrbCf5McdDRBQUEqL98AH5M3,main
1642168966,116221582,2C5ToGp1HinCgUe8XMR93R7fwMFb9feNCuyiAQRsxopTXEMMYFYYt96md8akq5JRsrte8yDRp9VusvCMzGb4LhyB,EAs2nCNt34RB5PVsLVtoLioWiHRJUDvDNXp4rCjgwNrJ,USDC,4782.997544,,,BorrowObligationLiquidity,,6At5JNTkt7NCwjPzLvsedZZba3hYRJcko2DmQe3RraMC,main
1642184598,116246698,3r7tg4XYHtuHHjFXHbyiuYgpn8MKhB5pLzEeVRbAx1dFi1s7nAV5aNQWkX5rgNuyEVHewfh31YCRjjg2oaTuQXx2,JD4FNyoSa2rALxALvpbHnfGYB7KDqcdNMgTpF1Tw9f9u,stSOL,11.735088884000001,,,WithdrawObligationCollateralAndRedeemReserveCollateral,JD4FNyoSa2rALxALvpbHnfGYB7KDqcdNMgTpF1Tw9f9u,8zJUyjziieoUkYqk4EMPmvJJxgtNvDUYq3vFbAJdcCZ9,main
1642197457,116268188,XxzmReAPTR6MomoN4VJp3H8wDejpAUpvPfekEhN3LDovHBtTfTrXPpy59aTAf2VSorGqCSif9J7YQDkaUGaz2rm,FGEZVN8BShKc7P33yqS6ce76fEVcwyuitB6Th9SUA9zG,SOL,15.501401747000001,,,WithdrawObligationCollateralAndRedeemReserveCollateral,FGEZVN8BShKc7P33yqS6ce76fEVcwyuitB6Th9SUA9zG,Fckbt8NKJhfjYNMpa8eGmW2poV6pRdhr2YmuoFxzoz6u,main
1642171383,116225618,5dmAUxLadV8VtA4DvNKUM46fV5uRzHA1kRKTd7rH9TiXaQT8GDAw5rSDiuDN7Prt5jPJSYqsPe4cSxy5HQ1tMbF2,B5KSyHK7ydzX4nXNrEhM8hK3jPD4oCTqEtC1hMSuTUP7,mSOL,1.430736762,,,WithdrawObligationCollateralAndRedeemReserveCollateral,B5KSyHK7ydzX4nXNrEhM8hK3jPD4oCTqEtC1hMSuTUP7,FMJ22komMdc7MdEzFGisrM7dxaSdB1Fstz12yuptTae7,main
1642198305,116269367,5GjPkTY4yMSfXsxKeZV5gBjKWrk4Xan3cRaKKDKMoF6T7uumJxsrFkKFzxARGo2NcLV3Zfck1REvonVgp1kzVLzh,2uXYtyeJRLnaewN8jJqASsaCPAKPommU6g9LgaBYVNdP,,,SOL,-0.7300000000000001,RepayObligationLiquidity,2uXYtyeJRLnaewN8jJqASsaCPAKPommU6g9LgaBYVNdP,2NUjTGZj2XgCT4y54GaDj7hcfu7YZ9FwRuBMYS3WzYDc,main
1642170374,116223970,4DSk9Gn4EfS6rRsVLYXVkXF8Tt3MVk7oFuT6jSS93aaj9H8RH4AQSKBmvZKdRcN22YtrhjTjQjWBBzzY15ATGE82,6fHQWNb66qMRrbQN2PsxSd7nwDhk52qjedgJXoZssREF,mSOL,2.0,,,WithdrawObligationCollateralAndRedeemReserveCollateral,6fHQWNb66qMRrbQN2PsxSd7nwDhk52qjedgJXoZssREF,9pRgDGSXoTTpChNmo9W9yJHTSPEj68ydnDhnjLWAXF35,main
1642175808,116232694,3wWtzMcwtzqhiMCzicmFsu1kXuipPmgjmtDczo8ZhQTtcuAV1MLXWGyvtP1TZzf4a3hDjaZktvbiyeYuRppBD9FS,AmU3E5CSAkKqVwEsytMeLyPoDTQSGE7Pf468BrDs1Vrb,,,RAY,-2365.534474,DepositReserveLiquidityAndObligationCollateral,AmU3E5CSAkKqVwEsytMeLyPoDTQSGE7Pf468BrDs1Vrb,BK5bxGjfgF1YudYE4WKuvfYFWnc8oQFDCVB3G7n75q4Y,main
1641060197,114343405,3jvkaWKp7Dd6Vwaz7RQzq9PtG9d3JxbtQhuY3DfkrJuQobJSiwowCU4Ei5Ra62vqTQHZYYdiGhQPgqwTtghvGoHG,3WERBr8RKPdWhVUf77cvbW4ugrE8T3YCznwtZkp6cymV,,,soETH,-0.129696,DepositReserveLiquidityAndObligationCollateral,3WERBr8RKPdWhVUf77cvbW4ugrE8T3YCznwtZkp6cymV,DxPdQoUyVxX2SkYmCUsDP5iQFrS8mC17qYMDtPjB3umJ,main
1641033150,114294893,5hjbga7mERr4d6oiVU5CTfumntrFaRnbwCRkLSyMC5ZfXyLk7GzdcC7xmQ4t1NZ3fC5oJ3jzb55PX2yAhHphjksy,4pf8WtHaVuZgt3Nwd19EQCf3Zb3m5GqXqNNu76X447wn,,,SBR,-1197.9464719999999,DepositReserveLiquidityAndObligationCollateral,4pf8WtHaVuZgt3Nwd19EQCf3Zb3m5GqXqNNu76X447wn,GyBscPE3MvQjRoawGbhqJ6jw8vVAdaHf3oF6Bd4h151W,main
1641060726,114344372,34YFnmPtnMTWY5esJRedKxs9ufxPZRZ1Hac35hHnxQmsemhNFLT1haKw8C7UyGiVN8KmGD2hJ7DNBRnHMh9rmZ82,HTwFpGL3cWm6yWq445w4xyYVfXEoRg5Y97Bzrk8FPiEJ,,,USDC,-405.492071,RepayObligationLiquidity,HTwFpGL3cWm6yWq445w4xyYVfXEoRg5Y97Bzrk8FPiEJ,79fxPNHC4DDnM6bmc5V4chbmx39N5mznSJ4ky341v6Yb,main
1641062478,114347473,3Vko1fpkEzrEpExVpkcEyabw8KzGHucF7Derc16nv1wFXgD9YtQAo5yNen9LSvG5qNeWEkSkQSHemNSQdiRNFWF3,FBq8x7RLyu4Cy5Kw5QffA9y16u8qQbMzBcbUr2DuMRRn,,,USDT,-3020.750117,DepositReserveLiquidityAndObligationCollateral,FBq8x7RLyu4Cy5Kw5QffA9y16u8qQbMzBcbUr2DuMRRn,6vg7TE57VCuiHYn9pirKkUMoFPGmX6g1pjA47YPEqjWF,main
1642177367,116234930,7rMkY19gTykJzLgZLUSNSp3zP1coq5EMCznY6aX1ZgR5PQNEioYYFW3PyH56hYDyQRJXSF81syNvp9u3ZrHPVET,BppktbG1zResanzV68CXKpzFAjn3JyC6cB6HD1jcMV5G,,,SOL,-40.0,DepositReserveLiquidityAndObligationCollateral,BppktbG1zResanzV68CXKpzFAjn3JyC6cB6HD1jcMV5G,GXM7DRxucHdi3yh5Y8FYxitr2JwUadnX81tMRdLaok1m,main
1642179135,116237947,4PN6rn2ArowawtnmGCBue7N5MDey3qsHtaa5mTVrJfg2qoj1xFwW5Cy7qEmDhhDHyhzrKboGHmJDz6mE8edyZaow,2CHye9mkLRjxxFXRC7znGfzVw4LcZ8SKAQ9cJshEJHKS,SBR,10000.0,,,BorrowObligationLiquidity,,467QbPRfACYqWeCrumQGBQ39afuiee8CQUE8DQuWsyi1,main
1642199586,116271191,5DXQBawDKnaGiy6WWTyyqgRF3A8ioqNGbmf1NeFWWtN56ark4bFYyWz2xPSKHBBzuue1mpYQx46YcKMe88XeKm8T,G5R4fSmtnFGHtqZWwWxu1yFMhSBy7TFo5qRhvhe4bYfx,USDC,200.0,,,BorrowObligationLiquidity,,Bthv6XtvfA73dDcq3wjiP2viTLVUMPC6y2KfSk1zDSH9,main
1642200607,116272833,3dZT5C5s7dMdQiEz6Q4qRnGETKYHcRu3xtjfgAGqxHGepdQffaQBmAQPUosY6ys62mCgGeEp4QsvZa97LvV3PjQK,E9Y6mP85iRWkx47m6THG7SaedLhV1TtDF83zipzjDZ9P,mSOL,10.0,,,WithdrawObligationCollateralAndRedeemReserveCollateral,E9Y6mP85iRWkx47m6THG7SaedLhV1TtDF83zipzjDZ9P,Dm5kCT56sueDnhsd5RXpqsG8vK95U4DecNYgq9ScrKf8,main
1642168956,116221566,5RcoXUzF1GCbM5m5GicV8NE1QmHAQ9MCEPDSbwgzXJ2J1i9PpTQ1GaWPxYLzwppvcyrFdV1wpmxUhk9vbsP2wtr7,HnCZsx3WvJV7w2R3DPX29du6opeqx4Ha3GPTSs9wCAtd,,,scnSOL,-0.02009799,RepayObligationLiquidity,HnCZsx3WvJV7w2R3DPX29du6opeqx4Ha3GPTSs9wCAtd,F8moNGZbeg44rBQQ69J8wriDFuPi3z5gpRdW66uYUQjT,main
1642167711,116219487,4EVvtVqBDDisSy5UgbK1LBLNDjvD2GqvuEbxfciCGUji359rR1EhS1LMF5Vw7fVRegV4PxyWC4e2mbDhERir4FZc,96tUHWM8WiPDomPHq114Sn1ZeXqn3pZ2cCUtzymBP8PC,,,USDC,-3314.054631,RepayObligationLiquidity,96tUHWM8WiPDomPHq114Sn1ZeXqn3pZ2cCUtzymBP8PC,8K4R3SuV3937Pf4JwhUmuEsCCvZheUq6Cnu3M3f6LzhA,main
1642197384,116268085,4jtRdAc1p5PdtFck4Y76ufK74fo7ggDWu1ivRpaXCY9EL5jRyFDERV1nQnZ1BF5UKmaB6pR8f4Z4Rwo8FHdrq6Uk,Gmm3wJqEk5xyZktT4LxJ2XAmsB6xhet1wMWRkDUJpFAU,SOL,0.49904587000000006,,,WithdrawObligationCollateralAndRedeemReserveCollateral,Gmm3wJqEk5xyZktT4LxJ2XAmsB6xhet1wMWRkDUJpFAU,enQL4pGjKRmMji8XSc9FK73ufFmwsK1r1gLvzAAxNc4,main
1641013047,114258257,5FQb1WGWu4THVZgAmGBUkpAL9QHiar7YndzbwgEuKY4CeGreRAajTNNrvEQHDYj1KRJ2fb4qhkri7nhLo4qGjpvr,HjmW7BUCyw8odsGSJd9vujcTR5ScZTwkPonSjKaP1V1V,,,RAY,-1.216275,DepositReserveLiquidityAndObligationCollateral,HjmW7BUCyw8odsGSJd9vujcTR5ScZTwkPonSjKaP1V1V,Y1VfZ8jCy4hz96cGJuhXkCS4k1vZU5RjrdZTQtqSXHX,main
1641042487,114311904,4b6vRQ4tBvNctZcfFWMb6ecJairycLk74UkFqnkzu5dHd7hUj9ry3mZfuUrTQwcMjgJpgHeMGJf8aDVngRNYjeD4,BHj5PSPegwWjjhsafyJ3HzqCHzdMVyWdkaPn19XQMnFf,,,USDT,-439.126217,RepayObligationLiquidity,BHj5PSPegwWjjhsafyJ3HzqCHzdMVyWdkaPn19XQMnFf,CJnw1pQHGSLdWgbr6UHjp53knXiJvw1WB1xReSGZJWgz,main
1641024535,114278642,5FNC2DuGyAA6wSThQqEvRvhpMySmSB2g2kDNCbMPVbvdAE5FoHwU2wwo4EyeSvKCtjZ5rHXqk69U2YoDJeupKQDJ,AVBDx7NTvfsWfwkt2bogrv2zf5R818JLhYV6sMyUFkak,BTC,0.002972,,,BorrowObligationLiquidity,,4uf2e8rVTYbY3cyUaecfcdEMRfaU6gyUEjVvthviy1YA,main
1641050903,114327276,3KWbjsMeamoC5HteW9NUFFsRqB92ib7oA1yPZgpPNB1XiLA3i5EWELk6F8BisQDmHwdyZBmYgmxcku46GL3xsH1A,9VRsgwUExPMsHKhXCwHymvXhRgijqvgs1hjGaU1F9bJd,,,SOL,-704.0,DepositReserveLiquidityAndObligationCollateral,9VRsgwUExPMsHKhXCwHymvXhRgijqvgs1hjGaU1F9bJd,3aW4EYqHyFZeD5HuNxE51G4uNMGR41eCtEzuUBsR8JwC,main
1642166896,116218143,55MSbTouSfuWFyoAM1SdQ5xqagnCJoT8kxADhVR98U1x3hdWAvcyguzB2taBD7k994HpLniDSqMjMjXVsPj1tJJE,4FvmYJbYtTe77vmCQMVDMTC1iURvPL3dgSTYCeMTjw3Y,cRAY,0.001467,soFTT,-0.00019099999999999998,LiquidateObligation,4FvmYJbYtTe77vmCQMVDMTC1iURvPL3dgSTYCeMTjw3Y,2bGtFHLbbbd3PhWykzh86pCs5LjPdDPdBM3A2MnKL6Zp,main
1642201556,116274461,4ArohkT9WVWfL2R5NoBHsZ4dbvbpy4jHSht9eRAg4xVmFyVnMEP4PtgekEHvibGmYQHagnrr2xV4EfdWcY5b815p,AzmgakTxLAutgbcNkxi3S4M6MvuZvwcrzMc43ErMFk4h,USDC,10000.0,,,BorrowObligationLiquidity,,4nUDjLjpb9zBg8UKE48FZd3h5ZuMR5qUUqB58DKeFiea,main
1640996107,114227990,5HoMgXWnjA2ztPx1LT6e7XKFaVNs93yJAxiyjo7jK4FNmzqGm6KqnvRZ3KymPfQv8wurYNQo1xpUxcETX5M4dkH8,7BQoRqv5Gg4jBTFXEcf2SwrCJWdTxiEzsVy5nZZRkRZ7,,,ETH,-0.158,DepositReserveLiquidityAndObligationCollateral,7BQoRqv5Gg4jBTFXEcf2SwrCJWdTxiEzsVy5nZZRkRZ7,ASdGNLuKBJefNG5Mj2MdYLrnVqXjvHJmuZLQmVMKQH5k,main
1642194023,116262442,2JghU2G8aq1bkuTz11rSMsJzrDTQiw4ifsLVFRKqC34JjZ8SBR874TVqYHErMRVZ9ff2tyB6hTPaMv2wA7Vqop8n,C5VNoB5gbQL27nnUxzxCoqTwwf71XUPyUWLJ65YNkYfH,SOL,100.000014738,,,WithdrawObligationCollateralAndRedeemReserveCollateral,C5VNoB5gbQL27nnUxzxCoqTwwf71XUPyUWLJ65YNkYfH,9wLTRifdKKNAfeP4XxFDbhoyiDaVh2sPwkJ7cpz2RgrU,main
1641030168,114289293,52qhhNk2rMRfPchAa1ZM78Yh12JTXQuEPbSWp4XpEXxwz9xs6AaGX16jWjRtMNGYT7hKf14o1U2XQ8r1iv2rbKpY,uEa2smPZGdbp7x1dTDja54hhWs28gVAkkncBNQC5aDb,,,,,InitObligation,,4notrzZFCu7ZL3WbH75q4Q1SDin1JGzupFQUYtAgz4hX,main
1641030168,114289293,52qhhNk2rMRfPchAa1ZM78Yh12JTXQuEPbSWp4XpEXxwz9xs6AaGX16jWjRtMNGYT7hKf14o1U2XQ8r1iv2rbKpY,uEa2smPZGdbp7x1dTDja54hhWs28gVAkkncBNQC5aDb,,,USDC,-215.197116,DepositReserveLiquidityAndObligationCollateral,uEa2smPZGdbp7x1dTDja54hhWs28gVAkkncBNQC5aDb,4notrzZFCu7ZL3WbH75q4Q1SDin1JGzupFQUYtAgz4hX,main
1642165868,116216406,5c9Zm5nk6wAxDNgVRPeZNaZYZtEkSRodbEzC2Pwun4uXoHKmb51Z9p7yR4DbzPueQ9hq2JsYYSEhroy21TSCykQt,9yfu2uTRVTNtQpJZvqdLagAV9B3xUwRxgpZEK7n8ku1F,UST,1000.0,,,BorrowObligationLiquidity,,HR2iDTVJTPcubxjWmkPK21Sa76JPmrCwizHqrAufqPv2,main
1641035808,114299645,26TGo8LRsTQroawy2od9dofPD1AiJJnEW7mSTC54SVb4VDJujPkdSMm31n5EnJx59BhUrB4NjsQUkif28WiPmF2o,6AxqPCJ42mPqQTBPm8W4L7Zn39CsWbnb8jPJ6DCBrRQE,SOL,0.1,,,BorrowObligationLiquidity,,3Ni6JnYDfDAjkViHr8oZAch2K6QAEehohguqPARhgLQq,main
1640997903,114231302,2D1XpQoBW5XpYP3rr4N2hMc8RLpVCmBUJbqLh47whWFdRp64WZdZSyWttPJPXRSxYavkrsCpLxdPXi7qEN5WetEP,7BQoRqv5Gg4jBTFXEcf2SwrCJWdTxiEzsVy5nZZRkRZ7,USDT,1000.0,,,BorrowObligationLiquidity,,ASdGNLuKBJefNG5Mj2MdYLrnVqXjvHJmuZLQmVMKQH5k,main
1641015606,114262484,28L1wvE9tj37PUESzSrTzYp9wZWYVw5791nTgsCqhGJDSdqq4U2grnWcDgUEwtCy5boWJTNpAgVcvzYD4E5mWZgg,JCreDQT3D3XosGpm3zV5kJdEqtS46pQXW8CrGyxmBXX7,,,mSOL,-1.463197161,DepositReserveLiquidityAndObligationCollateral,JCreDQT3D3XosGpm3zV5kJdEqtS46pQXW8CrGyxmBXX7,3QoAPBqgn7bN55QuKbuHQmxJSZjTj9PwSgQkHEMAqWkm,main
1642191481,116258035,CPhxfxM38f5d8aoi2hNMiv3ZK7X29FJL7cjZ4D9F8AeokvCNCjvb6BbrvCZHvGm1yV8r3QKCDHjYoC4ZreezmnM,2Ms4qpkb6Tr2R1HSm5zoVbk7FC2zaGoTC27GfjxyyN7U,USDC,100.0,,,BorrowObligationLiquidity,,H33G34c9voGx6U4BK9MoEoR1kkVtzco51JzVjVsbyUrs,main
1641050406,114326344,39y2G3KhYQb8oqqssLpASQ3DhyxZBX8VKXRqttYzsBpQLBsBuziXi91P2AK5bQqHSneG8aWqNT4xaHVBTCsimm2n,FbmQwAxAu6gfhswu15X7y3ngWPhM52NECAW8HVZMecsH,ETH,0.3896,,,BorrowObligationLiquidity,,8AukavbFjh2SUBLVa2No5UKAMnHGD7XwKEvhZJnGSXAS,main
1642175829,116232731,pLN2xsHnBykB1RfUWLZ4UzzicEw8RRKgruCoLUvSziHdwpPWiUCW6yHzJgnfV2qH96ihamHiFuEw1MuHTnNBs3F,rpm4ga8tG3CwArXor2dSNjwjdLSsbjcR6Hkhi5ktDrP,,,SOL,-500.00000000000006,DepositReserveLiquidityAndObligationCollateral,rpm4ga8tG3CwArXor2dSNjwjdLSsbjcR6Hkhi5ktDrP,HvepMfMZh5ge8iSAu8mK5fx4nXMhzWvdaWmeyjZ4prS2,main
1641024596,114278758,ygz7gfCwg39PMgSy5Ncbbz3eX213wRpaRQ3XB2LekxZm9ZBB9m9C2Pd8JUfi3s5CACZ7Gd1RxmVfxV56WfSu2fY,xth57BP7sQZw6UvTHWGy5ZktdMi31ydwXNa3GsVTbG1,,,SLND,-9.5,RepayObligationLiquidity,xth57BP7sQZw6UvTHWGy5ZktdMi31ydwXNa3GsVTbG1,Fq3K8EWiGuSsHJkLj6wNxYfmxyB5X6XUu597zuRVYXiM,main
1642191117,116257425,41c15GLPp4xD8RPsy5Ddg6sfq3KnBMjNi7sLuY9trQKBAyUAgoUs3ffRwbgdfAjUiohAqZpY1nneh4FfAfnCf1Ug,B7UAm2zs6JaNnbLeF57Fz62FWSnLKTGJzYB4eipdw1Vu,,,SOL,-0.04,RepayObligationLiquidity,B7UAm2zs6JaNnbLeF57Fz62FWSnLKTGJzYB4eipdw1Vu,6TxnYEJv55bG6QsZDFA7p3xCy2qcMjN9qKazMK3gPs8d,main
1641056265,114336521,2aN7vZmHaHT3FAkNKicVsyBhuCdVw6nJxPiJCEKeK1bWja9w7kQVoVox4xcNqwYjtd5L2iUj8qUAcheoth9JA9yz,9db9XH7Dm8MY6VVXGwSeTHiffjAAzEUrAxRgN8xvD8i1,SOL,1.0,,,BorrowObligationLiquidity,,5jJcvzuA7ALyC2mayE3KZrXL5yScd2H62aW1iJZfJS7b,main
1641056265,114336521,5KwGjxWZptpKgdiVddjKHnNjvhrHAzruBxyixxBVTeup6uYNK6b64LFMQLUXrHQnwg55bfcpMNR48btyBo3UC9tk,5aRng6Ce4LXMVdSgMEPxSVy6nAp6JJXWqwMXsE1v5Wqe,USDT,3506.8877589999997,,,WithdrawObligationCollateralAndRedeemReserveCollateral,5aRng6Ce4LXMVdSgMEPxSVy6nAp6JJXWqwMXsE1v5Wqe,ACac7UmXEcFVMtcyAqnKvczkLXV82WEnRb1JLLXSkZso,main
1641078887,114377229,9DCdHdsV4DPb62NfNBUb1HiaMUgKztmnvs9AHFJtnNjKdPbQMETypWVmtaJt3yigJsPznVvnHeixuSLhA9KCkbw,5FbKD8EmHTK5LjTMiU8M52XKGBXNKVY1RoFpic1tRVXZ,SOL,0.070000004,,,WithdrawObligationCollateralAndRedeemReserveCollateral,5FbKD8EmHTK5LjTMiU8M52XKGBXNKVY1RoFpic1tRVXZ,Gjo5epCz7HskqHDkr5pcE6c7wVwiZLNKyVwpebUtfVS1,main
1642185250,116247850,5ds46HXrHPEg5qJ7XST296sy9hvnrYSw491L3KecRJomm8Yw6QHgn3br2w2qAptfQEFLS3QpmEipm2wP5XoDivrG,GcjqitBbScBEkapLa3LWGEq4j7yxm5nWdDRHfxjyUb18,,,mSOL,-6.642098711,DepositReserveLiquidityAndObligationCollateral,GcjqitBbScBEkapLa3LWGEq4j7yxm5nWdDRHfxjyUb18,4sG7fSHXaNesJSScqoZBnMWv6djHPLYYU8wVev6HpoN3,main
1642194720,116263590,5rEU4guGXFaA6hWzXCPwraaKA8ZvtJJzdwEd4AruxkBMLW7FDi2p5ztHfYVLpbzxaHFUEZ8hibER1GcwufXxNEhf,F4q2bm6k4AW2rgQMBfvoNnfn1xFkoD98We6uJd6tV7tq,cRAY,0.001517,soFTT,-0.000198,LiquidateObligation,F4q2bm6k4AW2rgQMBfvoNnfn1xFkoD98We6uJd6tV7tq,3z7SMZmXX4u7R2MoLHVh6o5LbfMnecPdQ33TMrevDYGq,main
1642168711,116221150,5bhX4u1q7YdFs6QbVc7yaWKSGM4k92s5nThsDiHhTfqkLRwbdaqrm95ck8N6ve5EznFiifDerhBLYZwaxEoT3fQ8,hpBo3MyS5vKqqhwx2mYkuH48xfScoEWGh6uzR9vLigq,,,RAY,-0.498903,DepositReserveLiquidityAndObligationCollateral,hpBo3MyS5vKqqhwx2mYkuH48xfScoEWGh6uzR9vLigq,2WLVrsW7QzFyW866LUrboD8RKcbk53BWDYSfKnT7yyCM,main
1641050095,114325776,g4wBKrtwMWPKFRzXEioiSGxt7vKLN3H4Td8cjMbsahns61qL9ysMrYSmha2Pb2ED99ZzjhJNYbKxZKaLiLGQEEP,FbmQwAxAu6gfhswu15X7y3ngWPhM52NECAW8HVZMecsH,ETH,0.5271,,,BorrowObligationLiquidity,,8AukavbFjh2SUBLVa2No5UKAMnHGD7XwKEvhZJnGSXAS,main
1642199900,116271631,JUAVKaib3cLhNQXiM2GQz2FyNdk2rdSZ6Y9o53iL54pYsdD8KiusVcDrvcfdpEg81gJMFWBbAe51f9PDN1J3uh2,GeWKnXY5pSJA36cddzTBtFLXjr3d8X7xoCztGayJvUUi,,,mSOL,-1.6090440000000001,RepayObligationLiquidity,GeWKnXY5pSJA36cddzTBtFLXjr3d8X7xoCztGayJvUUi,DnpxQoxtX25meyRkCoa4rawAtchtZZSMpt51a7DX99jg,main
1641069856,114360485,5TBKNiEo4115RNsQtsLQXpguP57p3N8bSRMZpJvXyGZFVHLeMKisgKCu1GHjGYP37n2MBFDcv5gJ53uDZQzvXK5r,CgrTmNdjBLFhKWkYfVF3EyFL2LBBhJr1TMxe2pvckaKN,USDT,500.0,,,BorrowObligationLiquidity,,DKSyS74ZswGHkyWunzqfobvxSkSs17nQuWYzA3WoG9h8,main
1642202633,116276373,5r6MhF1Q8aegKFSgeoajsXHyibgVsUUPewzd4EXo7GFVZDbhW3LEGt7BB4HsFDptV52SBhQWegEEN2d2yedE1QQ1,F4q2bm6k4AW2rgQMBfvoNnfn1xFkoD98We6uJd6tV7tq,cSOL,3.2e-07,soFTT,-1e-06,LiquidateObligation,F4q2bm6k4AW2rgQMBfvoNnfn1xFkoD98We6uJd6tV7tq,Ap3hXuQU3JQTAXDcwBn6G7gcUd2c75yLLB6t1C3Df9P8,main
1642158625,116204504,5dBAVGiz4qx4LTZAJhB8ebC8wwJem8y56paU8f1Bnmsg3CGJ44V5BhBT4RmZNVZ8Lwj5WyQg5E22BtRY1rHzmzZF,F4q2bm6k4AW2rgQMBfvoNnfn1xFkoD98We6uJd6tV7tq,mSOL,0.00035989800000000004,cmSOL,-0.000359851,RedeemReserveCollateral,F4q2bm6k4AW2rgQMBfvoNnfn1xFkoD98We6uJd6tV7tq,,main
1642184340,116246250,2Mvf3bq9vzEKcJQ7n4tdUMbEzHDDFJsfUGUwWoeMDcfMA747fDgankYcAWdyRttQZLxs5WxhyXUdTmhjgkmAhyt8,JD4FNyoSa2rALxALvpbHnfGYB7KDqcdNMgTpF1Tw9f9u,,,stSOL,-4.5,RepayObligationLiquidity,JD4FNyoSa2rALxALvpbHnfGYB7KDqcdNMgTpF1Tw9f9u,8zJUyjziieoUkYqk4EMPmvJJxgtNvDUYq3vFbAJdcCZ9,main
1642197176,116267733,2ekGBCEgVgrtxGwJBkvrqepTXyjfzb5kcgtCKzKmbNbUNJVszKAMztaLKEpM12Y5Q76ZQhnwP1yzsYm5z5eocsmK,67KwKAa7up54Tdh3sKuKK57dBU5cF5qyMG1ZsToXQyFu,USDC,200.0,,,BorrowObligationLiquidity,,EJH4WG3Nnp3fDoEoJqbBmSStpJmsMSJfSLMzaaVdUWC7,main
1641060498,114343964,2TGpeFB223tk47aZGHVF1RmgTTsonvNbEqKTHTHdUYviTRBqVanqk3mTKVCW6bLeyDDQzgdiXYvQUjGo2C25in64,4nPPUQ8vuefz8MpkAghGojiUAKWxkvK7NGF9jZuTJCcP,USDC,20.412118,,,BorrowObligationLiquidity,,9DSp6LGNfydCwXcDoUhHsRffiWFTMw5CrPAsFu1hwYCw,main
1641075586,114371040,3wjPWmYApjdpcLUdwhMnAQG3dajRD3sLnQRGBHcQuMZMMXsY7BBNUJL5W9EbmFWy9xHZnNFigKcaaUsZr8DpFsr4,8Hghvp7RdYrSPJ6vce4yeA5XwdB3TLfWKb4yDpbPto9v,SOL,1.000000011,,,WithdrawObligationCollateralAndRedeemReserveCollateral,8Hghvp7RdYrSPJ6vce4yeA5XwdB3TLfWKb4yDpbPto9v,145t8xSNq7pY6EQibcZGaAu55afFrNvxHgxywRXL51Fc,main
1641031164,114291204,A8LoPtgokhEKtMqpXVd2YUTrjMPtRtc1zGpaN1itqj7C4arVjfA26o8NtferkZiueMWA9bae76Rx5e6ouAhELF5,AzmgakTxLAutgbcNkxi3S4M6MvuZvwcrzMc43ErMFk4h,,,SOL,-21.5,DepositReserveLiquidityAndObligationCollateral,AzmgakTxLAutgbcNkxi3S4M6MvuZvwcrzMc43ErMFk4h,4nUDjLjpb9zBg8UKE48FZd3h5ZuMR5qUUqB58DKeFiea,main
1642159094,116205294,2wCaJ1SAdbH9szPhK5A5ZEuimhLHq1MoifvuRvY97BSvRUFQfJhsYTkTAhhgqsMMRd3CSN8DpbVM9cm587JXtX74,FBQazcPta9DY6wSsJiZn7GMFghTXF3UsNR6mmJNV1qXc,SOL,0.9464485410000001,,,BorrowObligationLiquidity,,2PfGbTbVHgwQ495ryHQYcA9mkbfMPEqEP6VXoNokxuA7,main
1642177113,116234529,wMtdjaYP3XW2zfJ4JnzN9STanq9mVSQaZfbTCYMGRP1wXxSvzbtWgVjqYnGCiW89nHvPtTLuJ4WtD1uVp8EuoaA,2scEnoQqPsvCBM8SBSa7DyTKYUVVihBMF3TUyN3WTsAP,SOL,2.500300101,,,WithdrawObligationCollateralAndRedeemReserveCollateral,2scEnoQqPsvCBM8SBSa7DyTKYUVVihBMF3TUyN3WTsAP,AQqqDNFLhEoTZxKE4yUopm8tL2rjKK9RZV38vT7knJsJ,main
1642203213,116277397,5ytnT2sPmf3CDoieTqED4KL9oXDeggCGacdPJJVh7uiaKJwemyP6hn7R9qDcqueHgwaewPxzov2wnofgGVT2o7vu,8dGdFVJgX12hnZqmKr4m4tUXNo5YsWreSfX4pqHUZ7sV,USDT,150.0,,,BorrowObligationLiquidity,,4buxEkmt3QBN4wrHDsA9CAx3bAsKBHPut4LrSKzFd4jr,main
1642170305,116223845,543Ebia3pPAHpxYGqbKk1iE1QS6xLXLmGZEGJCxzEcBZFxjHGFaXThs8XkDpnvc25HKZsuzai8ztjsMubf2iNrd7,DE9g7jv86CGov8SpCg7qLikVWQDFCUJGEqifregHHDR1,,,stSOL,-118.595077411,DepositReserveLiquidityAndObligationCollateral,DE9g7jv86CGov8SpCg7qLikVWQDFCUJGEqifregHHDR1,FMeKfHyFVUS4FCEhch2K2tNQ74LfyLses78d7jHbUUt4,main
1642170305,116223845,3B6F93Dtkx1KmnsUFqR7dhPmhDmrcLGEZ3Q5ZE7Ji6ZHiSMUacYceJjH2KByReBW6SA9ZrGihxHkcZsTxmPz16sj,DPDyr8RCSVAR3EC9dmaAhjRKMsqw946nceDPEbq6SbNN,RAY,100.00017899999999,,,WithdrawObligationCollateralAndRedeemReserveCollateral,DPDyr8RCSVAR3EC9dmaAhjRKMsqw946nceDPEbq6SbNN,AwPKXh8EFMDZZccQK1e4gnhbUnBUJWpLwwLZA8VVqMKY,main
1642202806,116276670,3Uhh24EPtpNutXmbQ7pc6aru6zErWzSAHdVMgKpK8bYWc5dGfMAQHxzRSmQHfbQSNKfC8xQSMpy14oey7qV5Nm8u,42wRym3ZqaMo5s2WJLNobQ8rndA6hb1iQPWcaBK7yHAD,SOL,0.20756833000000002,,,BorrowObligationLiquidity,,MQ9dBuxm94QQ5abTsTig9ZGW4tg6hZ4XhbmryXeWkhB,main
1642161491,116209242,Wxxhyd6ouZioUBZScgf1tmGSQWqCsxHqowf5WeGzYETqbTZfFyNfdvCDj3dLuFsL9yLXjDdiJVpFivSipoyMNim,26Y6zHbFSbH8DYp3ifFr4uyW1dcorsjQymrK2Da536mi,USDC,200.0,,,BorrowObligationLiquidity,,ER7au1f4nqEghHDYRnbz1gF47qTcUht9hopvJRb4anfc,main
1642204334,116279438,3MBaLG7faDf1FiJsv8T6YWN6xCiFUPsYSFKuhSPHtjW571THgCKnRp5nGyv6bwW8VGuHpJsbTex34K4z7GLEJgZt,8SL7HVbBmb6ateMN6CmUV4beBmwe9muohCarftNsDQuS,,,USDC,-2465.9561989999997,DepositReserveLiquidityAndObligationCollateral,8SL7HVbBmb6ateMN6CmUV4beBmwe9muohCarftNsDQuS,12q9NAbYQPX7umMi5beEnGu7CovL1k5RyJvKN8WQximZ,main
1642191247,116257652,22iHBqNBc4DiSRBKh8bjXn3F1GXN7AKwuX99LttbLtShwA9prHYM78jz81emKGz18RgDX5eQ1FUpbETpEv1ShTyY,HjXCSgtCsQ12MvJ2LGbdD9RG6BWH1K4nf1gQ74Gjihqx,,,USDC,-22845.525809,DepositReserveLiquidityAndObligationCollateral,HjXCSgtCsQ12MvJ2LGbdD9RG6BWH1K4nf1gQ74Gjihqx,DQCgN2joHLKQeWuZDK4G3Ro2pZbjztiDY5DbxjWLN9eb,main
1642163494,116212447,3GAfJg8E9n4YXLGmUL2VnhURTiz1bqrx38aMHA2LC3Fs5kns8Z7ArYeavsEYVZyRuHixKF88QTUzeAAt8Y4bPnXr,4FvmYJbYtTe77vmCQMVDMTC1iURvPL3dgSTYCeMTjw3Y,cRAY,0.000127,soFTT,-1.6e-05,LiquidateObligation,4FvmYJbYtTe77vmCQMVDMTC1iURvPL3dgSTYCeMTjw3Y,HKEtQVjP9m7bn7sefuM4gKMzjQU9DcpNEQoKSPNgkJsH,main
1642173306,116228526,64s21HsSXBSg5zZW3e7PN1BHT6wWBFMyugxHyxKnK4rYsHDi5zNcAMn3J15rhBY5C969oZrq9o9EZoryDoH33U6o,Aeu6Ze897zoAGrbaaYA56tebEeYtgXGVyogkhner2wQ4,SOL,0.30000000000000004,,,BorrowObligationLiquidity,,3D4Qnc1QzZdVus4ZQ8QKv3o4gJETV6YDKjiaLic2AU3g,main
1642166985,116218290,3mfVFCejU6UXcCHXoRdLxGYwgufxUC3hMhAa7vUDbr68fbs9yksDZ8eW6pZZPyNChvoKbiVsZGHhusuguEEjGXx8,4FvmYJbYtTe77vmCQMVDMTC1iURvPL3dgSTYCeMTjw3Y,cBTC,0.005379,soFTT,-4.999232,LiquidateObligation,4FvmYJbYtTe77vmCQMVDMTC1iURvPL3dgSTYCeMTjw3Y,HjPNpiA8xXHxy3gGLSacGT765SWzupkRCVfkBNG29SLd,main
1642173761,116229274,56reMS4Z5MjFJVjtarunks2BM1bB4ByTg87Z2qemRH864jXxi1XqQF9uGRFPhixsNzMN6x9SjojcdvNHa3WgriJk,EKEhpu9C1ejtA4uxrPZEGpM7x6wKiSx2pTanzZJPgbGH,,,mSOL,-1.9999980000000002,DepositReserveLiquidityAndObligationCollateral,EKEhpu9C1ejtA4uxrPZEGpM7x6wKiSx2pTanzZJPgbGH,BE31UUXqUwRhgytXuvqaNr6fi5pRANyqCRkqLwTWveRC,main
1642202428,116276038,37J7dQqDsyewu4q1M4Gy3xbguhycH3UKWZ7dikxX4t8fKyGHgugY5sH8uUz7vG8FpZgHdamsuXoHe12uRF7PoiZq,TVLZXZNgXbdqhStBQgHkLcF4UqovgHHJ4eeg5bYs9rk,,,SOL,-0.1,DepositReserveLiquidityAndObligationCollateral,TVLZXZNgXbdqhStBQgHkLcF4UqovgHHJ4eeg5bYs9rk,B2oHQHUeTMyjwJvSqcR8jknaMwApt8Jy5rhdjPZ4Yy3m,main
1642179258,116238153,22vMbQxSwFLyjj1qZ3JggmM2paVF6DzaAe1ja3ubiRcGMFQVv96jHtH8X7VqTADLgS5BQz7jbeDLLnN7Nqy3H5LJ,F8T9HhoQo9gbQA2rBnBUvHEn1B1TxutqhcfuKJiv4g2N,,,USDT,-930.862006,RepayObligationLiquidity,F8T9HhoQo9gbQA2rBnBUvHEn1B1TxutqhcfuKJiv4g2N,9LHQQ2wciRDkPE8JTYgpGiHS1ES3zJFFdzeUV5ivp382,main
1642147746,116185766,2BnPnR4mPJdiZMdHf1wbygGUdrPWncFjiTkNSgSNNG8VgbexcBUoGJpDPq4UmX3WbqPEAsuFmmbnE1fbS9n4K6av,4AfE8aDYy2VnkqLVAsziosyfTEs6HPgEycWKr7oUSttp,,,UST,-6713.739238,DepositReserveLiquidityAndObligationCollateral,4AfE8aDYy2VnkqLVAsziosyfTEs6HPgEycWKr7oUSttp,6vWCUHrTeDrkdjkHPa5V6hagLJkrN9Cir96v9FCEt8Rc,main
1642149842,116189378,42bimTqLKf6W8eFySNy91Lv7B33VdSxnfjsTh7YPerTGZ86Rtyx2y4ghhRYW3RojWxqWQ2i42fDRBqTbmCwTGLkm,h6Vdw5kZ8TYygJtHoCgKCyjq5JkRZWgpdqztA3BrY68,,,stSOL,-0.33318397800000005,DepositReserveLiquidityAndObligationCollateral,h6Vdw5kZ8TYygJtHoCgKCyjq5JkRZWgpdqztA3BrY68,2EoFYsezUR61gQUoiejnEm8FbnNesDBibZf1hMi8eRtG,main
1642148535,116187058,3zybdRQA3ZZpVaWmwJwrExXxigFRsGzWp6fPkauyTdCYSyumvQ1BP3SfQ1XaRJj6JsCX8fW1VQo7zBqtUEJk6w3j,AgdrgJZJ8NieL27Zp8LzCEfLVh39Z6EcQTtrvW8J8mkf,USDT,13000.001817,,,WithdrawObligationCollateralAndRedeemReserveCollateral,AgdrgJZJ8NieL27Zp8LzCEfLVh39Z6EcQTtrvW8J8mkf,9qcyjNmYHg2kUPdDQjHQS3rJCLjaZqZX6Y1TLtNFCUM1,main
1642148104,116186325,3rCgEDswr64QSXDVyaTmVe2veyxuk6Hwk5GFwCjqcunr7xWeGwGqGVNLR8SDXddAkgcXvuUdMxRePWe5TT6he5oa,EHhMczRNaoiiB2BrxHbCvJxzk998a12m8gApmMvjsuHE,USDT,150000.063446,,,WithdrawObligationCollateralAndRedeemReserveCollateral,EHhMczRNaoiiB2BrxHbCvJxzk998a12m8gApmMvjsuHE,GZF38Hko5SXx2cpGD9w6Z5CVNqbH7phVt9nMNnQfUmza,main
1642157457,116202689,5HHh61TRPovvLJigAxJKUGp8GH2T7rqQfjFNCXpn6mvUpH79HYcD4UZSrztVYtEmAhdPmjM5mfJc2nDLqEqV7N1e,6pSy47zw325ijgGZma35EBfCToUBUEQQFzeVVmZyNxeo,RAY,40.122893,,,WithdrawObligationCollateralAndRedeemReserveCollateral,6pSy47zw325ijgGZma35EBfCToUBUEQQFzeVVmZyNxeo,CPmrLFJzwp88BDLPk68fdsvfyxzcYXxyqkwPQekifAx3,main
1642153971,116196665,4VLdVbrRNRQhK7fmG7wQ8pZuM1yTVMQCurwqrgT4cbVaZ6ZRbByPtyDXxFciDEPVYrHxF3mRpHciheHCHjL8BfQa,FAdyqnV74c3BdG4DChWFSRh3wvwkQ67swyA88FQpubH5,USDT,200.000044,,,WithdrawObligationCollateralAndRedeemReserveCollateral,FAdyqnV74c3BdG4DChWFSRh3wvwkQ67swyA88FQpubH5,4vn2uVjvsKByZyoGKcreDHUvHsMTCwPfUxkxHVbMhLmz,main
1642197515,116268267,4Hrd4C7RT6FHZK8rCJCyex1imtkc8UitSsJ7ozajnyEtVyrrtpW5PWg387JpoGNfL3NL5Cz2XoMyHfhY7M5a4cr2,7pRoqrNdzc3NrVC6qLhMatv8booiYdZDeGZdqUprjCeN,SOL,0.5,,,BorrowObligationLiquidity,,4tLNSaMXi4bGBigweEh5gEkJ5QmKaZoz3Vqt4XHM3sVQ,main
1642119570,116136647,2J4PYXMFcWQVEs3jk1gQfkskZRTDf3VAT2uaxuQJ8xrZFHxZ1gqKkVpyJUj1bmjqkmPqv5hebsibknf6JJHrc2f5,3Vx8ef1hJXtFqMPCbhfD2CB3C1cEWyrL27tu2x3g5zWQ,,,RAY,-6.8794249999999995,DepositReserveLiquidityAndObligationCollateral,3Vx8ef1hJXtFqMPCbhfD2CB3C1cEWyrL27tu2x3g5zWQ,9Gq5oPouU4iMHxkW1ZXZkKBRdbdBMhBx3XybavZx3BD4,main
1642134063,116162429,61tux4vTcFXceoFSEMWAbzycLGKWTXroqi3WWU7A3tXmD2NKj2aRaqiLV9kW4ax6CA3BzvaUy9FbbbdGi5KTbM7r,EoSF2yWPhu4Dc4ULqpTj3tgVEfBxt9F43YdAAHrWueet,,,mSOL,-1.9472404200000002,DepositReserveLiquidityAndObligationCollateral,EoSF2yWPhu4Dc4ULqpTj3tgVEfBxt9F43YdAAHrWueet,EEjJ1hD9dUbabTidtyqNEeKnRVd5io7hWEhTJpMz7oSH,main
1642150892,116191226,3FNyNucw7q39nx9wVeh59pedFAgiTkgxgWGa1Qu3TspUPmdnWGCa39ynEa2dvhD5GNoZfoWLreUoJGTnbL6rEMFG,DrrB1p8sxhwBZ3cXE8u5t2GxqEcTNuwAm7RcrQ8Yqjod,USDC,915.070895,,,WithdrawObligationCollateralAndRedeemReserveCollateral,Ei2QBdJNvfeX3ZEsUYT7pFaV2Hxn2YkiH4ehErCdc35P,6AeBG2DCptsh4UmT2mvd2MgNwnajqv9mi8HRJzh6yfj1,main
1642125567,116147266,2iBprBfb4pBMr5edjNzFiFT8WKSc1W1SRriDe1eayQ5bdbrg7Z182cHKH5wPq7rAsUFR9jw5dwjgsRxYYsU4juhA,3K9yVWU1sJugMc5mzkxaMwLrhc82Rx5yHqqj3fcKxpND,RAY,20.000009,,,WithdrawObligationCollateralAndRedeemReserveCollateral,3K9yVWU1sJugMc5mzkxaMwLrhc82Rx5yHqqj3fcKxpND,BKYnnHYuzXF8vWmtHAPfpqmXrK4JSKvTbaS7Ce4oQ9EL,main
1642126250,116148507,Gs9scn3wj8BXV3GVJNYH9wVNN4LGM6JiFZNHh5X1GBShGqSo7oJ1MivZe2JAMefW4UGUmCb1Z7W3YD1vFZRZJzy,GowEnZV5DGhYRR3Q3ZyhLwCZAUnQqcHoxcqho8D5C5QD,USDT,6995.629489999999,,,WithdrawObligationCollateralAndRedeemReserveCollateral,GowEnZV5DGhYRR3Q3ZyhLwCZAUnQqcHoxcqho8D5C5QD,55NiScwtPAeoMRAa2U3iQGSCvu4B5MwSaoCLj78M8hwz,main
1642124351,116145069,2cCPmQbCjt3zF3uUxfP12nm49QLTkM6dMfQENbsa6n3LUZpckq63UbqsZfMJhfTwUZmPAigjTP3AgmJbqp696yP6,6DMqhovtJzz96fLYV8wc3ci8wpxX9uJbJ5GizSsbqZkp,RAY,1000.0,,,BorrowObligationLiquidity,,Ei8cf2pxjgagGGkCDPLGtm5cBXnaiKp4HJVftb2eJAUr,main
1642170278,116223802,4Zau9LthFJ5r43dn1Gfmap6F5Sg99u5gUbHAySzPovJZ4iGhvjpEjewnjJZBEAsihcvSBeSaHERXH8R1mTUhfQEG,DPDyr8RCSVAR3EC9dmaAhjRKMsqw946nceDPEbq6SbNN,,,SOL,-4.0,DepositReserveLiquidityAndObligationCollateral,DPDyr8RCSVAR3EC9dmaAhjRKMsqw946nceDPEbq6SbNN,AwPKXh8EFMDZZccQK1e4gnhbUnBUJWpLwwLZA8VVqMKY,main
1642143321,116178369,f5666fgDnPJ982jwjx8wqtxfVBzQW3MRChAqsujRWSL3qi3Bcc4BPWVMRJLxZn6mSJD8SSoXNjfKfFEpXf4DDGa,2odtZSnr9seBst7jM82SXSJrm846eXKp3HygCb2iFUjW,SOL,8.577924907,,,BorrowObligationLiquidity,,8ZtGtKkRrAnvGaZ1kFseEv24vYPdsMRdytwMcePutCHi,main
1642123941,116144333,3CwqTRBpec8D9DJqpSceZ5VSrqZ7v5b2rT6nhTpeDUh9djZ7w7dHzK8xiUhB5U2JKUYaT9gsBhP9HJ6y7n3YGvbY,BBg2oPjjb6UWEhG5MmLKxnsKR7UyQKtRM3LU6W55GKNP,,,USDT,-500.0,DepositReserveLiquidityAndObligationCollateral,BBg2oPjjb6UWEhG5MmLKxnsKR7UyQKtRM3LU6W55GKNP,95z9oMuJKBG2mftFyrM6WRpTsvHtB28SabMBK6bG3Gv1,main
1642153215,116195318,4LfiWVLWD2LgcQTM4SNTbjKDvchsekB6tbdbCbnae9qX1ryCTziosvAWKgmNaD19X2rcwTmoxEGKPvEYWTyLs6ZP,BrEhFKAN7b28sjuTwykag3osBRp1iYbWFaxkragrk7WS,SOL,600.000017153,,,WithdrawObligationCollateralAndRedeemReserveCollateral,BrEhFKAN7b28sjuTwykag3osBRp1iYbWFaxkragrk7WS,5FQmLHJAbFcySeqbee2A7GiTMoMQyYT9FU7oNC8VPHsL,main
1642162281,116210521,3v5W5WHrBd7wKb8h9dxFiUchnDWMDhYYPaKtnFAA39cpeFuT1zAsvrRJEcYsHUdDPZRSAVCEc1eQgoLZrKbgbZLw,23zH2S4evizKt53yKiC6warV1k5Jmh7aG9peMudNGtEJ,,,ETH,-0.49802235,DepositReserveLiquidityAndObligationCollateral,23zH2S4evizKt53yKiC6warV1k5Jmh7aG9peMudNGtEJ,Ce8edXpAC7Trijkug3N7nDxjhL37bWXQMhFMrmYSb6jA,main
1642130543,116156235,vfrPRHWUoUd624eY1xRBgeTxmytk88TMfhsCrnbnSe18AsULQr5G2T12VZ4SJ7uQH6pwEAVAr7NzXcxTEkUrCcM,HTwFpGL3cWm6yWq445w4xyYVfXEoRg5Y97Bzrk8FPiEJ,USDC,634.752768,,,WithdrawObligationCollateralAndRedeemReserveCollateral,HTwFpGL3cWm6yWq445w4xyYVfXEoRg5Y97Bzrk8FPiEJ,79fxPNHC4DDnM6bmc5V4chbmx39N5mznSJ4ky341v6Yb,main
1642141129,116174721,ArW51aC51VwuF4THr58Jt5eKKh8pZBjNmsSS4gtjSqkHEcZ3Tps9yawiRNjaGemuJZggDwvEzej6Ax56jBZoyWZ,3HToxPGwUds9CDr5C4uJqjsx67yaSitKJspeQu6JfD48,USDC,199.0,,,BorrowObligationLiquidity,,3xJDfa7ssuHGoVw2bMNSizAEjNLfaXd97adkCVKhV11c,main
1642138239,116169766,5kf5uZfoS6bCT9kXz28FUrHJ35w2mmjNuw9HEq72gr4npXQWDEDb19yUPUUf5AUSv4djQGTxr1Ycvb1SNvzWTVpw,5uTDJaQYRfLqi7rZr2kJ14DuHotWwRYhEFkBw5gjYoCw,USDT,1000.000056,,,WithdrawObligationCollateralAndRedeemReserveCollateral,5uTDJaQYRfLqi7rZr2kJ14DuHotWwRYhEFkBw5gjYoCw,FpKNEpLC2HRziYCz8PW3ufLcvU647ckcjJoMk52S46Di,main
1642184119,116245881,3ZArzPU6yDDiQJGYnqEL7GyoxgXWKq6brQfTdhbTtQAZBhj1n6uVFtUWTE6ry9R2Stb1DF9oAqCD1NLA7f5m49jp,7HRzigVEeP8VJEuBAWRm125UtVXBv9owLZUtFzkNF2c5,USDT,150.00004199999998,,,WithdrawObligationCollateralAndRedeemReserveCollateral,7HRzigVEeP8VJEuBAWRm125UtVXBv9owLZUtFzkNF2c5,3jvhSey4on1zKV5Ynond4HXRUbwZWUatdD3NsXdFuKjS,main
1642129236,116153862,5cVTxBzTwrMFfcvhKhEw7kADxmVHbwFJpEj9twV4ZNCrBnEThn15B1f7YpknwCzjnsiZrABhDQiRLJ2hVopX6abn,6fHQWNb66qMRrbQN2PsxSd7nwDhk52qjedgJXoZssREF,,,RAY,-27.598602,DepositReserveLiquidityAndObligationCollateral,6fHQWNb66qMRrbQN2PsxSd7nwDhk52qjedgJXoZssREF,9pRgDGSXoTTpChNmo9W9yJHTSPEj68ydnDhnjLWAXF35,main
1642166640,116217695,4x8kbXHcLcAe7Vt9NXnFrXbeG7vGHupYzJNyktDCvyzZ8uiSiGkQaKL2MjSu9mjxd6Wu9rCcKcWVLxbQYqNTGpuD,E6o3NfR3H7dgFnNab5dcUzuNeDpwT3Eh3G8JFTqEavNB,SBR,164.95210699999998,,,WithdrawObligationCollateralAndRedeemReserveCollateral,E6o3NfR3H7dgFnNab5dcUzuNeDpwT3Eh3G8JFTqEavNB,8LMUEyBBpthDzTskxdQn5VqC11HWfg5QK1rvSWjFnkBL,main
1642166640,116217695,5dSZYPoqvwmGaViDnrgzxrTYqb5925ZMhCFWhzPbxuMyM61WbzHFEeRCKnQhruRDv1C55AjRU7HbncKYtDi8KDTH,BKizvx3rNZwCHpUzahxNcJ4EcHXCzBEaWcNMpLDWp3TB,,,SOL,-325.00201364000003,RepayObligationLiquidity,BKizvx3rNZwCHpUzahxNcJ4EcHXCzBEaWcNMpLDWp3TB,DmMF6rByaYWGYKX5cCf3vE3Lkj8BrU4wcMYoTYBoGtNo,main
1642132133,116159067,dt7VNMPRX6qugN5gVhjMD6zFiunDRqF3Ujoc4HnceDYMjerVFNgbGb4GMEkh4nwZFoDaG9ctvB6u7GPYzMkVxgX,36aqcpi8FbkNEP5qMpjALHsdC4UpEwdF7D7Uxp2WZxKX,,,USDC,-3013.100368,RepayObligationLiquidity,36aqcpi8FbkNEP5qMpjALHsdC4UpEwdF7D7Uxp2WZxKX,4kdk9tvpRmxmLGeB1wZN6rjpxBFGKjELm7oYVKc1PuEQ,main
1642169184,116221969,56kPEWUCwtHfzXdfoHTJgmtE1Yrv4Xtz5bnMr4S6LsYfPWd5zSgtn87y9vFAZtNS7fhqyeJzc5ZPmcYm7Sxo2eYX,88LjsQzU7UroRVPFB8HB56b5VNxRko82d2aFZi77joUZ,,,USDC,-122.0,DepositReserveLiquidityAndObligationCollateral,88LjsQzU7UroRVPFB8HB56b5VNxRko82d2aFZi77joUZ,4xAiVDWUVfv1HexRCx9P3vdDzri5MbJFRCKZLo5QhRtF,main
1642152405,116193923,ZcwyD6gwz81jLUwbiTGdUL2tRmjerS8dSoSxrQc33y2iMRJ4BisSEMPNTrmokFopKK7hLeBPTSrUyCSViBQVwzz,CP9kjqwfxENJV1j7iNz842AfUFVEidKopSE3sCCy66mu,USDC,264.441864,,,WithdrawObligationCollateralAndRedeemReserveCollateral,CP9kjqwfxENJV1j7iNz842AfUFVEidKopSE3sCCy66mu,7dVrYhFAQD7dLbNs3aLxBHKXJHDXC4zbBWaavELduxXx,main
1642141800,116175801,2e1Uxy1pjpaQ71xp3pMT5YxVLjQYNKAjAnZWLiEZLgViRN6TTkmhZydheW9MEHk7Z3Hp82rW9ho8cHNS3v5gBbx9,26r5hHMvKfcqvUGZNJAChWEDdK6epryyXYZUdCzjWyXn,,,SOL,-0.1,DepositReserveLiquidityAndObligationCollateral,26r5hHMvKfcqvUGZNJAChWEDdK6epryyXYZUdCzjWyXn,5vQU52ofiqSMu2wGqMsuejVu3GZDMKo2QA14ALwos6QZ,main
1642204259,116279297,5AdCrFEb5aYZRFAnzYJNv9REEVzQ44XCXb4Wg6QDY6jPX1ziv8uhMyNaXDuWAf3wGJ46uvDTpuH5VYFUpnmMaBc7,2PthK98w4YDfUUJUMC2j6QFBo9txdE4wbJqH3ctbA3EE,,,USDC,-1389.374028,RepayObligationLiquidity,2PthK98w4YDfUUJUMC2j6QFBo9txdE4wbJqH3ctbA3EE,8TskYjok8mB9TuM9fVChn9YK4Nhwa29JXVSygneEHNgk,main
1642153977,116196677,5MaGsuih2pqD9L2dMZ379UmYVSsNDV6mKsM3jsoutVcqW6HAJ8DQiteV9jHHDgGGXJM4RYKxfooTW9D3zgyQnhCk,137ws2LU5hsSrPRLwPpmnt98Jc18FSvAWbFQiwukYaGg,USDC,246.97188599999998,,,BorrowObligationLiquidity,,Q8tYSxk8TGyq3UWXxSR6pbfn46dHZnNiWmMkB7fMsCo,main
1642143602,116178850,2EXdYTPNwEbrgxgZzAaE9jApkBu5GTwATqJfGDSqsmQMm5Ax31eB5uPoRaFvU4tgNXY5gsy5Ez9m3szsaWARZcdJ,Cn639NdTrBeYkBHqS7X6ihWJizmqMwBKWiy3JPAgbS5q,,,,,InitObligation,,9BBDPuNZ5ENZ728iU8H19nitLSQzUCBaTPvkEp36n8mq,main
1642143602,116178850,2EXdYTPNwEbrgxgZzAaE9jApkBu5GTwATqJfGDSqsmQMm5Ax31eB5uPoRaFvU4tgNXY5gsy5Ez9m3szsaWARZcdJ,Cn639NdTrBeYkBHqS7X6ihWJizmqMwBKWiy3JPAgbS5q,,,SOL,-1.0,DepositReserveLiquidityAndObligationCollateral,Cn639NdTrBeYkBHqS7X6ihWJizmqMwBKWiy3JPAgbS5q,9BBDPuNZ5ENZ728iU8H19nitLSQzUCBaTPvkEp36n8mq,main
1642140338,116173357,2n4pt8ZsX7VCsZScjW9boR14Xx61bRC7Y9XUhHzmnfnqteZN1HECLGAn7cAecBAa7tETSLtnzZCPn4TD9yeLqa7v,5fAMqkBNEaqLpZK8Vy63yS4QpiYA943pDMVsAQvA6VGa,cRAY,0.001254,soFTT,-0.00016999999999999999,LiquidateObligation,5fAMqkBNEaqLpZK8Vy63yS4QpiYA943pDMVsAQvA6VGa,Bbj6daECaSZvAkAhjZSRoS1bTTj7p29H2TyT4NySVLno,main
1642176745,116234011,5HeuN1U553BcDXr7YXXsMY8YUX4tSPj8B6E32fLAJiXSm97GyTkwwZiv39DanVRvH6Hq4YGKfSeoPZNGYxkHN8ot,8e2AuPCRMv4aUPrcxDZZqJngaNy2dJPVhKQLuMj9VpnA,,,USDC,-50070.994838,RepayObligationLiquidity,8e2AuPCRMv4aUPrcxDZZqJngaNy2dJPVhKQLuMj9VpnA,CnD9Yq2oaWvVsUFnioREte3q2jzLdBrg3hU6yfqmBEAr,main
1642200775,116273129,29i9ZhP2agdjJ6vX2Ln5qnEf1pePafW69cLWxc9sg1G7tTcGbrPfBL1ucJ7MzUruhnMXwUcRzNeo5bWMzZL2JMmg,26r5hHMvKfcqvUGZNJAChWEDdK6epryyXYZUdCzjWyXn,,,SOL,-0.1,DepositReserveLiquidityAndObligationCollateral,26r5hHMvKfcqvUGZNJAChWEDdK6epryyXYZUdCzjWyXn,5vQU52ofiqSMu2wGqMsuejVu3GZDMKo2QA14ALwos6QZ,main
1642193112,116260885,gSjeu1FWhSBaSssocQkcGshnwpr3HF9hGL6hjWkR8ND6ukbcRUG8x1UHjyyoNXMnKg2g1KqciWy7YDFdCqn921R,5kB1jGJwNMiDEbKrqr1T8Ao5RQiJwk2WsgRJe9iXZDTe,USDC,100.000002,,,WithdrawObligationCollateralAndRedeemReserveCollateral,5kB1jGJwNMiDEbKrqr1T8Ao5RQiJwk2WsgRJe9iXZDTe,57ZAjx8wTwMyFzXQJaWwLMcGLUogv6MjNgno9etUeyPB,main
1642167574,116219255,3BemMeSFSGHY5guqS8BJmTkpnLC2JHXsSMt4A3dzjjAT6VSsDu62BqcAYzxCpSc3VAS2Lv6pMzLFrYdmB8DgANJY,Jz283ybwar66sdevyz2BnRWzfjyAtauRSthHsMLqKtA,,,USDC,-28770.0,DepositReserveLiquidityAndObligationCollateral,Jz283ybwar66sdevyz2BnRWzfjyAtauRSthHsMLqKtA,4sS5RZGGxanFy57wZyyv4YEMJBW7HLEXUeRD2wQBzQkP,main
1642167574,116219255,2iSDLjivveY8ztoXdphy6mZ4uSmzKohPJ3Cwwqxmn9Yd1d2FwJMgmFqeWhzhkZ2tPGKwTVebLADphRXoekX5hoze,EPvQNZJfGvAEjCCHaJPPqeUSbpNhtnojayXL7Un1fKs5,SOL,5.0,,,BorrowObligationLiquidity,,7NeEC8Js1CBxva8MzwK5kp4cUPyVfz38yqrwTAYNm2V,main
1642195078,116264199,k4QnkbuadAzGD6CrvpgNZPaZQLkQuPJdwzJMUYz7pGJjBzCxgha2hc1c7qgWkTE8N5nvHNWovB22gyxBnqbBSVw,3D36Sr5eMobLyEZjxY1hz6rHyCeg9mmXwYudkcr3Sezj,,,,,InitObligation,,492HJ3WqRTUTi77i2wSbf7EiXMerVEgtjXuNb7wFexZH,main
1642195078,116264199,k4QnkbuadAzGD6CrvpgNZPaZQLkQuPJdwzJMUYz7pGJjBzCxgha2hc1c7qgWkTE8N5nvHNWovB22gyxBnqbBSVw,3D36Sr5eMobLyEZjxY1hz6rHyCeg9mmXwYudkcr3Sezj,,,RAY,-5.684622999999999,DepositReserveLiquidityAndObligationCollateral,3D36Sr5eMobLyEZjxY1hz6rHyCeg9mmXwYudkcr3Sezj,492HJ3WqRTUTi77i2wSbf7EiXMerVEgtjXuNb7wFexZH,main
1642159733,116206339,65HAiN2UmY9qbdqRCGUrwWU8YmFoJNaa4aKcnb1WGQy9Q5AQ6yGquFokSqSDzBTqS4cJzPUw7BspP1ZmgDfcHRax,9gY3X17t7jarkWhnSEHPR51U9nVv8Dv99NqpCi3ewuPf,,,USDC,-148.155946,RepayObligationLiquidity,9gY3X17t7jarkWhnSEHPR51U9nVv8Dv99NqpCi3ewuPf,2ooEyHLkGavnK7haSnDpF3YL3Y7sK2SAnk5foAvdPuvi,main
1642157354,116202516,3rsY7aBvBUW9c6oz4SiD5sesQ2gDpUGPkrrhy89WR3LkK2UJmp7PfAxGbiRBdzyCNNXYvBWC4GLnmheKnNvFASiS,Hsm4Kbw5ZrxUj8uHUkYXEbFKFCiDKBABam3qPULABFeE,SOL,40.100000820000005,,,WithdrawObligationCollateralAndRedeemReserveCollateral,Hsm4Kbw5ZrxUj8uHUkYXEbFKFCiDKBABam3qPULABFeE,AA1mrb4MNoziWtQuirniagDrZrTNHJWWTMmTtMQghJW9,main
1642159216,116205488,jECLAiQdoLjgDSeKfuFvTgPvk16Ho8KbimFhgiyvuFTC4Ezf5WmK5EYRmEMc5TwDzQ2emDqxBEHoudCThUjy6YJ,FBQazcPta9DY6wSsJiZn7GMFghTXF3UsNR6mmJNV1qXc,,,SOL,-0.784034283,DepositReserveLiquidityAndObligationCollateral,FBQazcPta9DY6wSsJiZn7GMFghTXF3UsNR6mmJNV1qXc,2PfGbTbVHgwQ495ryHQYcA9mkbfMPEqEP6VXoNokxuA7,main
1642170845,116224787,2sg2bHbooF4iZodf9kwDaLeNBujQ5NER1Czd8vLHVaNN5qqcypj3gNx3HUiHNaXiWDJBd8sF9shLfSujrbLvmkbr,7dsWfjvKKgxMCvCaegsW9aofMFQ1CQrMdA2Ybwo6cv2i,,,USDC,-12873.578277999999,DepositReserveLiquidityAndObligationCollateral,7dsWfjvKKgxMCvCaegsW9aofMFQ1CQrMdA2Ybwo6cv2i,CfjJoa8uCaYMGc5CuPsCczsdPnPHTyBSrKJZu4ASHqsv,main
1642170845,116224787,7Kz4DBHnuaRuP5pxgrRjBj1G1Q1xd96BgPUQaqF4eJdtFPFLUct6iBCGuP2kmpZx64eukQP6MBo2zWbgNeoooxi,G8jP4RrLxGDThhtbbC9JBRVrJZbFGiS715fZhAXt1Unk,SOL,7.0,,,BorrowObligationLiquidity,,DZ5HLWGEDT1YegsR5SkZcW6R4rbouUZdzewoUHaudoUC,main
1642177761,116235593,sdxhvuziYFoJZy1ThXcnnK4TZZTD3oBfZVTp9Sj46SFtgNR62ApFGWrqijvRnMxwNYQKbUmtzwZYmweFjVhyzyJ,68LU8tPSoh8Qoqzz6cAAqDSp192tXZaNxjb5BzUGFmp,USDC,2000.0,,,BorrowObligationLiquidity,,4vM5neX1JVKS3jsxj1HyjyZfqMXr9wh8j5AfytEQdTvT,main
1642183716,116245214,dQvCKvp5BT3RAkHfoX7ZT593ShZdAgUzkLLWomdf6EfcxucKZTVaLK1YteunzbojRagPm9wXb11aMC7V49u94sG,3ctzZoXgoH9dDMKq1Sp1yvfayYQmprzqK8zA4KrB4GUv,SOL,0.102260685,,,BorrowObligationLiquidity,,DZVfKWY22dsxz6LFT33beQzAfqDx61yhEBkRzX9W9d6Z,main
1642198728,116269973,QLgL5zcXZ7hBu9iMaPmJRwx4B54TF9i7AvB5Hxow2Le4sQjdrz6zooiAi1wiT378YBYeYNEBXxru6RfYcNTM6hV,8iSqaYxZbVDQd61oYycjdiHpi782Qd31FRJZ42Jw6G2W,,,mSOL,-8.771385869000001,DepositReserveLiquidityAndObligationCollateral,8iSqaYxZbVDQd61oYycjdiHpi782Qd31FRJZ42Jw6G2W,2GNTsAHh7bxmqox3kSofW4Xv9kWY7QR8a4aiNR6d66Hk,main
1642203138,116277267,3erZCrJMYGyqwSuHcVEgNbHmQP7b2VbCdRxNEPKQv1qkFhbVbKEoQKsLJEM3VGSXq2NPACfMfmfQYYjp7oVC5xuq,Exqx3rur1m6uf7n5HY6Kai46Z7b5YZjXfgpzhj77sfa3,,,USDT,-1509.9153509999999,DepositReserveLiquidityAndObligationCollateral,Exqx3rur1m6uf7n5HY6Kai46Z7b5YZjXfgpzhj77sfa3,EmJa6ngSgzvGsy28DvzLPZFfZRwaK9EbRqrjgMWutwdu,main
1642185302,116247942,4NpqKn5DYxs2cQJk9PWvuEawS2fA1t5YvYvhJnV2aX5aXmjDVrRDDe592kFkS5dUM49EBAhPTbV1y1MTpQv42J57,AaNTde96Xfrb6Kurv6Nie5mA5AoS9xLZ2qfYZNp3Q1vr,soETH,20.046696,,,WithdrawObligationCollateralAndRedeemReserveCollateral,AaNTde96Xfrb6Kurv6Nie5mA5AoS9xLZ2qfYZNp3Q1vr,Hipt8hJcT3hdJMzsu79dKdYzLBXrFf7fQurpWHRDiTC,main
1642178707,116237229,445BwXi4M5xAXi6yvDYNbadU8Did9HMdzrrfm7LT4PGzXZMftDhLwLKifL7kD9s8jtjDUKaUMuxdBQ8tpQ5xkEFZ,54a74ZFFHqf35aR43jSWGUtuP2uFVvDQXoQEgPfZVthD,,,ETH,-0.47337995,RepayObligationLiquidity,54a74ZFFHqf35aR43jSWGUtuP2uFVvDQXoQEgPfZVthD,3iS7NGsg21tk1ZZzo3cfe9anUNqZ76LJ6tfWc467wC6H,main
1642182691,116243614,3iVya6PRmVYjjDcaWMmYevkUTnFK8JthexE3dgGywThacnZAb4CDzuNuv83WbSshahofm36RhmYnFUaKepH4u5kd,Bim7jgn9FnP5yAMC1Q5p9G4kq7yGfPG5USoGpDqm4ZAj,,,USDT,-5000.0,DepositReserveLiquidityAndObligationCollateral,Bim7jgn9FnP5yAMC1Q5p9G4kq7yGfPG5USoGpDqm4ZAj,7D7V5QEtXM2saWf5JsCPXizhMebJR1P7Bd5yVt6yTwYE,main
1642203441,116277788,3dVo71PPegSHzJdhXTW7AWQwea1Pvcu1xCKMRHWBB4s28forqU4BQpNq8V2KTFZSFLS2KduXXQt7dPBLov1aCJaW,EUsXyAe1SX41Xy3mod4Ax3XtQCjTvvYZfJ8iFxgMv587,SOL,2.000000264,,,WithdrawObligationCollateralAndRedeemReserveCollateral,EUsXyAe1SX41Xy3mod4Ax3XtQCjTvvYZfJ8iFxgMv587,Bkbez2oCs3ayU4vpgqfWZoBR8Y8zQESLSExaCuRnK7Nv,main
1641265063,114702487,GedHR1PCThRCfrSefLLXR4mqzM4H2BMFzazEdAXf5cbaUzfd9BchBUrrDnG8MKrsnA5zrZSud7CyjKEsrWC1B7o,F5RHAhJzE4oxGf29HvTwRnM7Mw1rhCMKhQGufbbBwxYV,,,USDT,-102.63215,DepositReserveLiquidityAndObligationCollateral,F5RHAhJzE4oxGf29HvTwRnM7Mw1rhCMKhQGufbbBwxYV,699p29aE9Nzeyz5tbvtku7UzBVNvtZ3cFVQJQJRgYUbr,main
1641255177,114684904,RWkrKdD87HdvV6zM63wwqXq2vyi3GV52j6wjhF3Qpgk5i5ccS8CVeacZm3Jqk523RAqnDF1gYuhHroEYDtcU4kH,ENH8WT3Svnsm4xK7dkp3NnCrpFG9AQwPUzGkUF4WQcy2,,,USDC,-11010.613734999999,DepositReserveLiquidityAndObligationCollateral,ENH8WT3Svnsm4xK7dkp3NnCrpFG9AQwPUzGkUF4WQcy2,GquwBD1DuJH8Le73MspPNsjfkBH2Chw4xJpS3GfgtViw,main
1642168343,116220507,2YN6HtQ1tcnsn2bAFcLWwyQcoKxRhW4Ew2hvAH8g1MfCYeeyy3ARBVaRGiCquqk5rA23jAw5m8zdp8EN1xv1w1fN,7Q55QWAHVoeaDAMyK1EkjQmsmj51YPu4AiiMJF2uWoG6,SBR,169.23911999999999,,,BorrowObligationLiquidity,,5UHLU1v9dJreaq24deh5WAxLKpPxaQppnohiCV4AeTKa,main
1642178736,116237266,4VvXLqguomu6AGtd83KKCYDJjkcd6zszBbteJEaZ3Rh4iuewKAbJFM4wH4DfGNbVUF4uu5MwV6CKYXshisYHVRyz,54a74ZFFHqf35aR43jSWGUtuP2uFVvDQXoQEgPfZVthD,,,SOL,-10.453492876,RepayObligationLiquidity,54a74ZFFHqf35aR43jSWGUtuP2uFVvDQXoQEgPfZVthD,3iS7NGsg21tk1ZZzo3cfe9anUNqZ76LJ6tfWc467wC6H,main
1641266218,114704622,4XZxVkK9i1roSZd1iaBTi4VbT5CGiywKJATqGvAuWf8iv8x3jT17WjDgVpmfuPCAwcgyomTk7qZwDzkcQ5mLo5K1,HAFUeZEUbUNxVCU2Vd7rU1r4kbkpTNGUGjG2pvysfxqE,,,USDC,-1209.783165,RepayObligationLiquidity,HAFUeZEUbUNxVCU2Vd7rU1r4kbkpTNGUGjG2pvysfxqE,7kqKYVsbeiqtypzuuFgn9EhavitCuKsiAp3DSB135wyb,main
1641306337,114774081,29RVBBbVQXsLQpSGyTUEw1Jjhqhd5JsmisT3sAUsZJAcQ3m69ohyEuF5e2cANnhF69TEh137LHxQZc6wjau36knX,EcVopgEfRQ3A9UMK3wp9EhCpYJjndyWupqokRQy55Szq,,,USDC,-0.09999999999999999,DepositReserveLiquidityAndObligationCollateral,EcVopgEfRQ3A9UMK3wp9EhCpYJjndyWupqokRQy55Szq,F6yMDB5UXoFGKMzfxrbp3rDWCFupuvtiVGyCkARPu2a1,main
1641254470,114683618,5udbZg1bk3EXEbt2CocuFaoHcKw8qVzEMpV3NuWWvs3qbyTrpH79L6YgiTgeLFgsuLUP392rkoWtL9P4TFuN7S27,3WERBr8RKPdWhVUf77cvbW4ugrE8T3YCznwtZkp6cymV,,,USDC,-1913.967586,RepayObligationLiquidity,3WERBr8RKPdWhVUf77cvbW4ugrE8T3YCznwtZkp6cymV,DxPdQoUyVxX2SkYmCUsDP5iQFrS8mC17qYMDtPjB3umJ,main
1641285239,114739183,5GifUeuz8UHfxDJC6LDmsZkYPsVEvsCeRUqQYPqabjuVFBz4BzEz72i3LeXCvwGiKu6r4QNE2VTToyBLBnYd6vNr,HgHHUG5UH93vZLjTe1Cmxjnodq4FfXvH3XWbohRWNMEW,,,USDC,-9559.943981,RepayObligationLiquidity,HgHHUG5UH93vZLjTe1Cmxjnodq4FfXvH3XWbohRWNMEW,s26BA8SJ5T3Dqo52M1soCJB3CekZznwmg4pQ4dQAhnd,main
1641261785,114696586,5NkLHacQAsDuoLPixaeBQM1Lj1e2moES5Jw5G49CBCXvXwtAXzJkFjS5yA7us74iZFmd2bp5SKpZszjt55VPoE1f,3Pho1BCnBBt663onDachFWvWwg3hChD79Ag56kKXsja5,USDC,1.002403,,,WithdrawObligationCollateralAndRedeemReserveCollateral,3Pho1BCnBBt663onDachFWvWwg3hChD79Ag56kKXsja5,HCzy3pNHbjUi7xx2eVfHYDv5GShHYV9s3vg2UtqWf7FC,main
1641287660,114743459,3xXSxRQEfrJ964oEUZP95g4caqx44RMHddJ82hggj4hCyRV9YwxZ4T6jZc9RsDNR2i3EWKUtYWNj1jcJsqCw5Rfp,gF3xDmgR5nwnBKHjLdp7w78XjTiqFtJWw8ZYBgHsxDf,,,USDC,-404.133154,RepayObligationLiquidity,gF3xDmgR5nwnBKHjLdp7w78XjTiqFtJWw8ZYBgHsxDf,9ipTBShSBmMCKVj6VAPDXeZDe7D5rBrHffyp2tPt5KB1,main
1641315635,114788917,2LBtUBtshSZnRYd5KKEeWCwSrFFzp1Ef7NpJtmakZ7cB2MMRaaPxZMZpKjVbuKSibZCsvU7f9QGSMcBDvtg3dL9f,7Dv8u9qjhcR2Jc6u8CYEqFfyTWAYnfKrkmPYfB6uKwEQ,USDT,2045.956205,,,WithdrawObligationCollateralAndRedeemReserveCollateral,7Dv8u9qjhcR2Jc6u8CYEqFfyTWAYnfKrkmPYfB6uKwEQ,D9fnDcQjJbhrrfeF8kfyEAk4g875TE5ahpMUsr4uRrQk,main
1641317667,114792267,PaPpn5xZ2K47gqCNuC2GJjsyCD63zJJuhuwMj6p22aMf5kfiKJ8X1pupcp4nsi8vkVqYBD29cUfRJFiYLDKMqw8,H5RMKqWca4A6WSmP1NQ1GBHSYxogvSoaDdM7FNsHxYj4,ETH,0.01763293,,,WithdrawObligationCollateralAndRedeemReserveCollateral,H5RMKqWca4A6WSmP1NQ1GBHSYxogvSoaDdM7FNsHxYj4,5HpBy8QNExgNymb1KjDAxWXmkzkVgwFr1kMTm2SXa419,main
1641264355,114701199,4Nmojwvg217H9jBidprpneg6Xmob4ac9C97rYjmQChc75UR6yZqaygtzTYQXe73wz38y7GWg1FgaUhcMby2Dk9yS,G6tE34upQmRMoBDeTvScDdurK3DAigaUNynVeZ4w8zu4,USDC,250.0,,,BorrowObligationLiquidity,,AmpcQUZGSo7HwavRhycC41W2Tj5Xz6zQHboy3c9Czxq3,main
1641263302,114699285,5sdRbMJm6jV4SUAJtYwwE4gNQ31rtMxwQFWHWXfR9QqUNjhuEvFxGny1zoBb3Mm8bDvN6wpMr9KWrewSJ2m2KReZ,CZxFHMzEU89Y8oPkyoaKciuGTqxUnqiURsnK5991Au6A,USDC,29.0,,,BorrowObligationLiquidity,,57572Xj7rccgG5gjFwMsV5SGKSvr3M4ytURVKj2bBVmz,main
1642187164,116251097,4Vqyv6gFyZotepuwLCNpPunzqFc6htdxuYkcEfk6bfrQCeefxvyoYtsvgXNp1xnGct7nqVakYDNiqdcd8ciyAYgE,2vu8A29rJZmVtnTBgVEbjzbdooihTV2HBNcigQyuXxn8,RAY,40.979191,,,WithdrawObligationCollateralAndRedeemReserveCollateral,2vu8A29rJZmVtnTBgVEbjzbdooihTV2HBNcigQyuXxn8,F8udvbA2aBCgJTRboyHnKnYFUF7MZCv52nHYzSGVGUbT,main
1642193827,116262101,3f8uUgGZTUawjJFZeNqHffF9RvEFyoy5W9meFKNUYDaC2RiJwhkn41WD2bUevFFmyusBaSp6VSTo5gJxiUU2m2kN,H8avLeidfpcnYKtcykCcwyUPeDR8yAVDyr2d4sUk4Jqs,,,SBR,-5010.855129,DepositReserveLiquidityAndObligationCollateral,H8avLeidfpcnYKtcykCcwyUPeDR8yAVDyr2d4sUk4Jqs,66B1a9rsRfFBRcwQNPTZERjXm8NtUgBSPVmrZZC1VZkQ,main
1641306668,114774590,33AeBgMzQvB6CBQxTnGMJoHmf6Uwu2vFnjQ3QXmC4Ypf7nKnSNe4ayqwFrUCBspCjVNJEdU8KTmRKUHh4XGe7knr,AVBDx7NTvfsWfwkt2bogrv2zf5R818JLhYV6sMyUFkak,SOL,20.00000782,,,WithdrawObligationCollateralAndRedeemReserveCollateral,AVBDx7NTvfsWfwkt2bogrv2zf5R818JLhYV6sMyUFkak,4uf2e8rVTYbY3cyUaecfcdEMRfaU6gyUEjVvthviy1YA,main
1641306668,114774590,4BVXAHEUp6BwE5Kbau2gUERJuAykUzffggusDS7JFcshK4HV5MujozKCNfZJqdYTtK38Eu9jTJq3kaMpD5WStKDU,HxRWuQPJrK5U1zNAXcqjvjdYY27MM316j5vDzzu4Xryb,USDT,20.0,,,BorrowObligationLiquidity,,29s2FZiK61HxPnCsT5X1AZAwvCnfVy5aQcWiSEAFmq59,main
1641264630,114701690,5akLUS4oGvEKsoHLzpHdeagv5ziSZwZXoAiAKn6jsBSmfTPdsZ87r5Vcc1fF2hULbydbq75fxtdsWyfvNqdnboww,5rYNLCGsu5jJ1WkaLuWXRXYxZQCpgW8escXuAMCvi8rD,,,RAY,-0.39830499999999996,DepositReserveLiquidityAndObligationCollateral,5rYNLCGsu5jJ1WkaLuWXRXYxZQCpgW8escXuAMCvi8rD,9LhSMvBBsZ8EKBeQC1BnMziif758NyNdZoaBPjXDvgs9,main
1641256015,114686381,4J2vdSKzm4Ekc8e4dsyzSsHTbzNmDrUWT7g8tC377vDmvuNMrg86ah7viJFNj88k6urvEiNPt53VzxSLXoEyKHSk,2oCHzKNJ9tVqkw9zitdH7nTj7Mgo2Rn2QjajFQgoDvy3,SOL,40.000000739,,,WithdrawObligationCollateralAndRedeemReserveCollateral,2oCHzKNJ9tVqkw9zitdH7nTj7Mgo2Rn2QjajFQgoDvy3,4u3ae5Hp6jp1hp7aX3NvbjrvMHFVmv6eGFyGWj9TSQz6,main
1642172151,116226836,31MLHHHc2Q83MPYYfPWN95yvTz1gdNEbVSm9U7N5KXWdMEpASAym7eRyiARd3UuPoaMpRRc7asdLnrgvbgVeykak,JECGyZqgSFp1tpUEdnyq8ejMao4YUnBqpE4rhp341hwj,RAY,1000.0,,,BorrowObligationLiquidity,,9RYKpwzZfBrJ1vV7YxkRw82dqXLkbiQ68ouNzCXQK2GA,main
1642162685,116211166,5fDJy4mDGdASZStU6YfBy4twWDdBSUuCsRcTrYKU85wrkC3TtNmgD41WwBPq92JWxxjrxK7EGTDBpRa3x5NgBY9z,DhgVY1gBJihSJNZ8tdngTkGnMZWuSk7xC81vc2mWLMoS,,,SOL,-3.165938118,DepositReserveLiquidityAndObligationCollateral,DhgVY1gBJihSJNZ8tdngTkGnMZWuSk7xC81vc2mWLMoS,DeDjnX9npVnWZMg4DMwvteGMN6j4XJW1w5q3DfuLmJg6,main
1641268890,114709574,2qb9e9sjxwYWcLbyqFjEDZVNF1BZMJy1vQU3kKmeufLo7hLF8Vm1M87g6bMAkGcBjD9xBiYkV3e4eeXM1cGSAqKV,Cb6mA7kWaAdRSeAZ3PpNNNQxbxfhQDVF7c1t5rTRQ6cu,USDC,4500.0,,,BorrowObligationLiquidity,,3gPLeTU95PoefW6C4H5gGEx6bQc9b6tZP89yF1QqQ8B9,main
1641260723,114694694,4optG2CotPsi4QebSUG8UnqaKojiZ4SANR17tVP4rQUQsw2UkE3RxeZW9o6HUHP4LiP3dUTT4yRmgJ9EfApzF9M8,DnemczPrZxTmuJeWM6ZEotgKVT2SvAEYHhswHKg1P5Lv,USDC,7525.734931,,,WithdrawObligationCollateralAndRedeemReserveCollateral,DnemczPrZxTmuJeWM6ZEotgKVT2SvAEYHhswHKg1P5Lv,5zMzvmqZncAFPevCJnJTKsEwbdzaXmu4weXNbf74GVgf,main
1642158177,116203818,3oLT6utWA19S6V5yBpuUEMnCSAgDLpVoMrLkguGtobH72xi4sranPXrrY6DwBLyhVdUkxz8as7UULynHtXc6NtQj,oQk1YqwQ9A3JE5Ypu9QacQb33sGa35oP4njMPvBESEJ,SBR,5864.77671,,,WithdrawObligationCollateralAndRedeemReserveCollateral,oQk1YqwQ9A3JE5Ypu9QacQb33sGa35oP4njMPvBESEJ,7WmreNQhyMe2VnjAxNZ7AyQRzo1QY8DDBmzz5PLWV3Du,main
1642203483,116277868,3wrmkC61utGcNtPTHJ6sn8rJf88J3xo3DzT2uPJKLbrKUU8nqNtjRtuhUUw8426m3A1G4shSvecuw7f2MiPw8KPJ,HtxgrTHW6qEda1YWT8LgrkPWGJnYTw13sd7Nm7edNsM4,USDC,10.000001,,,WithdrawObligationCollateralAndRedeemReserveCollateral,HtxgrTHW6qEda1YWT8LgrkPWGJnYTw13sd7Nm7edNsM4,eaKqiNgpFtF8aesjHw87zNK9NypsAdGinx5yqCp8nTK,main
1641255423,114685333,3DrdfupzBS1R5bqm6cZgyoP2csqZrgzfCqgWEHoArvUYuj8JZ5R334qTzErv7AYxSdf8GE6QNJvKQT5PUhJHc8VR,AuYWveXUyCk1LhMFGGS8cmv2Zfmrq79pFsqB2jmRp9V1,USDC,1204.047673,,,WithdrawObligationCollateralAndRedeemReserveCollateral,AuYWveXUyCk1LhMFGGS8cmv2Zfmrq79pFsqB2jmRp9V1,4o3WSobViP3ebBWXqSDM3RDRwGqHMZ59sYfiVhDh1whG,main
1641261623,114696298,3F6jndxEVwiAz9gHeEU7LgcGvRPRy6FmRCnb7vfeszwRiukP8wPgXuXwn9phZ398Ju2zwrUYwdmcXVq8xvv66Tid,E1Jz9U2ADAam2qZSWcXhuqqND5WBZKUbNHTesx4HwJp6,,,USDT,-13.640013,RepayObligationLiquidity,E1Jz9U2ADAam2qZSWcXhuqqND5WBZKUbNHTesx4HwJp6,8Sgvmz6ZKsvAaBofPxJnMweCCExearDHUaf9dR6T6NQj,main
1641255398,114685293,2RhqTqjL1t4gt8qVHogoXqM4XDRvJUVo7h7LpcMWFBpJsmRJF6yZmSMB41f1tQ9Joza2GuU32SUpQt7GbkvfCNEb,AuYWveXUyCk1LhMFGGS8cmv2Zfmrq79pFsqB2jmRp9V1,,,USDC,-690.29414,RepayObligationLiquidity,AuYWveXUyCk1LhMFGGS8cmv2Zfmrq79pFsqB2jmRp9V1,4o3WSobViP3ebBWXqSDM3RDRwGqHMZ59sYfiVhDh1whG,main
1642157139,116202135,3gpejQh43Y944WWdeZK5QZiAHH25PXwtm5c2SpYEb7Q1Bhc76WqEvq2nHNzkH4R8cXNQXQJKZqFfQoeExx2yUdLL,Fu8tW3KVR7qvCpCmKKZu36fsCMf3haZ1aqWZLCSHqTzo,USDT,500.0,,,BorrowObligationLiquidity,,DCdD6c9J3cVpBwLweU5ZcJaxo2ZVYMuVoVFMPmTafp6R,main
1642171061,116225108,TXwJNz13SbXBF5gtTWJ6fjNnDbm65g1AyQeDCJkoe1ef4NJcbpTLpFuzFk6m6uQ4uBSDABgfTFkZLbdWbQhsd2H,56NuZ9sVfmiUfYALJFGngFmMCBCsxknk8k4ZT2qYKUP2,SOL,567.2114018990001,,,WithdrawObligationCollateralAndRedeemReserveCollateral,56NuZ9sVfmiUfYALJFGngFmMCBCsxknk8k4ZT2qYKUP2,GcbAN5GcutwdRtAmnKyXvuE8fHNBcfdUobYZoDsiUCpr,main
1641268040,114708007,3DPT3wh86Ab6TSUqtgDmhmLoVrhaBLWMZK5YEYLCrZDeTo5iMB1J6QSjPcB4JE2thou7s5sQwtfSdKMz4KfArw33,GvTDAxhqQ5gCQKRSpGq7fvaih132DCzmRbz7VyXsbnuE,,,scnSOL,-37.474240418,DepositReserveLiquidityAndObligationCollateral,GvTDAxhqQ5gCQKRSpGq7fvaih132DCzmRbz7VyXsbnuE,8tzuhFdVG6tCAqVXRhZ1s4BnazUghu5Wj19XGJYiFCn9,main
1641263465,114699568,4ADfRQcNYYnJMh8qPrLTCGvSrJ7VJoMwCVhc8Lwxom7fu4UGZxATcZf1BEGy3cYpnojs2HmLrtVADGw8FdmwF2Hn,GvTDAxhqQ5gCQKRSpGq7fvaih132DCzmRbz7VyXsbnuE,SOL,39.126220107,,,BorrowObligationLiquidity,,8tzuhFdVG6tCAqVXRhZ1s4BnazUghu5Wj19XGJYiFCn9,main
1641255650,114685719,y6g6C2aH5Xqk7kk4HSDeG87nVhHZWja8k5pqUJq23LFH5G2LDp4VPGka83i3WaqYini3Xd7PtrdqyVXVzBVyDds,4RwexQYAuQyzq89q1CyBruzoTaMdZn7W54fH5RfZmE4N,USDC,1000.000058,,,WithdrawObligationCollateralAndRedeemReserveCollateral,4RwexQYAuQyzq89q1CyBruzoTaMdZn7W54fH5RfZmE4N,5aJJ1Cvj8HPaHiNkwtAzmSJW9Nxfvh54reqXjQ3Z67Rk,main
1641268176,114708243,2J2cFuW7rzAyhgavxwuU9muGqMrsna1zYDCDqedpp5Ttv5Qtr189z9UGaiZ2NiPh4iXd5GrpumCQdLWc4kau69Xs,3Mspo6Vw11CiPUp8rbFiEME4aXZqEidnzvTspDyBGnfB,,,USDC,-127.30999999999999,RepayObligationLiquidity,3Mspo6Vw11CiPUp8rbFiEME4aXZqEidnzvTspDyBGnfB,9ZYH17bbBNNEAuFTLPJ9Q36w9mndiHCdFPEMKseVT1eK,main
1642163438,116212370,h9r9BMFvSzB3ndEn1SN8xcfituHRw6us3PWNkRTWszibWbuJYQz3LCbfNa8kJWHdjvfZb3hFZuBswXmuBT1jCmo,9AnEkxM9wauiicUdA1RoFWtVNNs4tD9Qp1iHXohS2P4c,,,mSOL,-1.690940785,DepositReserveLiquidityAndObligationCollateral,9AnEkxM9wauiicUdA1RoFWtVNNs4tD9Qp1iHXohS2P4c,9parxSkiSv7HttasbS41akwSCrtnQHnEFPdMx1zW7SEs,main
1641314398,114786881,468WYMSwBLDGbQYowbe5dAkCPG6hr1Z7Xd9YLwNBwqrP4XCGfoEHtvaq2X5kszfYcipJaUdx2VeL2t5u9TorpCXE,8dGdFVJgX12hnZqmKr4m4tUXNo5YsWreSfX4pqHUZ7sV,USDT,200.0,,,BorrowObligationLiquidity,,4buxEkmt3QBN4wrHDsA9CAx3bAsKBHPut4LrSKzFd4jr,main
1641322763,114800338,2nnkuLhkeX5dN7rreEBFwoGrNYYweZVemk4puP39wZUhCG4Q8XD9VRfLzrurwttkuQwE2eWgDLKFqdpESaKmf7Bx,GrQTr5sW3rD3cvCkw7c8dr7TuwkFAPjVcmyPLBfVKm6h,ETH,0.00418417,,,WithdrawObligationCollateralAndRedeemReserveCollateral,GrQTr5sW3rD3cvCkw7c8dr7TuwkFAPjVcmyPLBfVKm6h,8DkpSy21Dezz2hWXZajT85RLXGUYkHqfsr4ik431ckzZ,main
1642181284,116241217,5rTU7A3myPirfcH9atXU62ETHxrLoiDz3SVLFSDGyARASnW94jkqRerFCk6V4WpJTVtEsY5ocv6aLPxwAiD9a7rj,5DVPj58CGmbQcZJ71FrYZmf39oHm23snFHV99LhjRYSB,,,USDC,-302.52358899999996,RepayObligationLiquidity,5DVPj58CGmbQcZJ71FrYZmf39oHm23snFHV99LhjRYSB,6DpgA7NH2e7F9EBJZ2uo1zunTbFMCs1VAVQKRwJQaBsN,main
1642202513,116276178,JwmvP1yC3BvXXmqDeHCxd2MfuocfJeiUrtuV8fEwHEbN6EtPSHc5t6AHxFkiKGZpAZbxm6UZDtYqzLdWFwTnYFX,7TDpQusbgaoC646YNTh1K4yC6ni9BVKZQvcdqr2NYKSR,USDC,1000.000049,,,WithdrawObligationCollateralAndRedeemReserveCollateral,7TDpQusbgaoC646YNTh1K4yC6ni9BVKZQvcdqr2NYKSR,Fag9Nr25qeumuhS7XJ6XSHQA9xzXQyJNSSzK98uyhjPA,main
1641260959,114695099,4ppkFdRaEqoot8bNEd8sAqFNUAUEgrqUbpGDAKrnKv2zEZKTdJPTWECsVMWBARxpceYDVHG6BeWb7g8H6QnWwjC8,693vPDmx3dSAy76svkNMWhan58RugEUnMxupw6Knuz9A,SOL,10.022352005,,,WithdrawObligationCollateralAndRedeemReserveCollateral,693vPDmx3dSAy76svkNMWhan58RugEUnMxupw6Knuz9A,FJZN5V37d5w5Y1KWLLcvKtg7C9KqBA73CHynGBSMVaHF,main
1641260791,114694817,2YxcAj5nZrC2VeGRpLb4TLzj7PYR76AnVh37bMNWTHp1ypET7z6Abh2Pg7HiTCVXt2Vx29Yw8Cp8oEsJF5dEp6Ci,5kB1jGJwNMiDEbKrqr1T8Ao5RQiJwk2WsgRJe9iXZDTe,,,USDC,-41.456178,DepositReserveLiquidityAndObligationCollateral,5kB1jGJwNMiDEbKrqr1T8Ao5RQiJwk2WsgRJe9iXZDTe,57ZAjx8wTwMyFzXQJaWwLMcGLUogv6MjNgno9etUeyPB,main
1641257154,114688401,65ZyW3PXWjEj7Nh2sfRKjJqmyVFofUkNNh7jBC8rSVrxpXxyWgj1pPyvaVRN9D3HmpDiwR6RD3kgKekrZueXuqrL,E5DYYC397r3Aa4uYvq77g43dnEuZE7EeUPsDHt2iwxke,,,RAY,-762.480007,DepositReserveLiquidityAndObligationCollateral,E5DYYC397r3Aa4uYvq77g43dnEuZE7EeUPsDHt2iwxke,H8NNN56nbZjK12YQjbfxHjxM3hSZmw82HTeKmehZnDmF,main
1641255020,114684604,2MCHUZTW6ykzTUUkkE3zqDPzxtVFD9Zy4wPMLVdvX6Z84fXByh1tm4UjYQe2gs7jAQ8Q8vfsWbSeqDa2nFKH9YAV,EmrLSwkNWCNc2pDT5G2NLAkkMjK1Muorh8hWrzuuJDLq,USDC,11400.0,,,BorrowObligationLiquidity,,8MgkCmFtmmiJDzV13xJcfWSnjFBrYHa6tK8sETK3BsnN,main
1642178825,116237401,2X91HhhECTzVJNECkcMXNWvACsKErr1YNeLo36ELLS9eZHbEFzVtKpApQfiHBekiUVh2LQdkHb8Zau8dzx7hwGXq,5qPg8x61XsLmyxsoxSPBHkAnGn2gmf4Y5z73w3PTKCmG,,,SOL,-15.627932401,RepayObligationLiquidity,5qPg8x61XsLmyxsoxSPBHkAnGn2gmf4Y5z73w3PTKCmG,2hyPRKGFSaAiCi46LY1hmaMttGbEZBj7coab3Ym5DYFt,main
1641254794,114684192,2ojZdRNiA4r1tZRQ4Uut4gKbcvr3UYprEEDsMu8tBP8SRTWGokWksTeLbAGJ5csU1kY55kfJKDnhMH13TSEQjxbt,Dth542TXshVuFvb3RyEcMXorcFHQeYymhKXx5nVa8fRa,USDC,760.0,,,BorrowObligationLiquidity,,2Znu7iQ7meT75ML6jv3qWzRozzKwkzc2aQmntpMjEgbV,main
1641259116,114691818,3eQ3RHt7kZqYgAYULtWzoi8qSEi4BzCieZjbRrxZ28R8bka7xho5Lqbh9K3beidBctr7vdwRtm565L8Z5Ga6dGtE,4knbdJwPrD6rJ6U9swCQnFGKJjW1MtLnA9DFSf74wrmU,,,BTC,-6.0,DepositReserveLiquidityAndObligationCollateral,4knbdJwPrD6rJ6U9swCQnFGKJjW1MtLnA9DFSf74wrmU,Bv6wfMHMZgH5iem3gsY5cf76qGtHmETkvmpGvRH9dBWW,main
1641263311,114699302,BePkEK8L5qe7XE1iMGahYvdAd9Vd9MmYYaCuaq52nw77PLYzmSCYLjjrKkD8Xy4DPLiNdgzuxwMSpLikVnsct8C,2wzgCrDiq7v1j9DeihKRYEBpo43sEdDLmb6Mrhg5vV6H,SOL,1.000000028,,,WithdrawObligationCollateralAndRedeemReserveCollateral,2wzgCrDiq7v1j9DeihKRYEBpo43sEdDLmb6Mrhg5vV6H,H3kAdC8MbxEFa7uY44JgPaDZqzuGiMRMJhMzU8gr4fo7,main
1641257876,114689663,4vQdXrowvRu8VRjVsLdjpmMhr9Aa57x8PQ7u3JKUTY2QAWZEmjhKmmvMys2pwP8kosSoqpY3RKDgF8us4ejm7gSu,AJY8RovPfZETghiTwySVc7mRqQgNZ7QU7Datceixigjt,,,stSOL,-0.009200934000000001,RepayObligationLiquidity,AJY8RovPfZETghiTwySVc7mRqQgNZ7QU7Datceixigjt,27UcPb2Hcf61DERGStPSad3DBxpBMDSgAL1kofhoQ4Lx,main
1641263265,114699226,63mVsumpHbfTbMagGgx1aR11ZgVtzqYUHNCZp8HBEvGkvcMrGW6YG1EAj2JbH1bm77QtGxfJ4opzYJs7rv86Guuo,9DWREMQtcKKcZRzqBi4kWKp61TW9MhASCVE9biCX7tvD,,,USDC,-24.346283999999997,DepositReserveLiquidityAndObligationCollateral,9DWREMQtcKKcZRzqBi4kWKp61TW9MhASCVE9biCX7tvD,8npVdvwk9QeuwYnNCfxFnVVocc9kjzNoh53FMvaBPmux,main
1641255454,114685384,2uCbsoC51Stao1GiMyjpmnAJ4Hb7QdfBbhD46TGMpKvTHRV4pXLbyc7dV6vr3ZX2UWL5Yu89CvQg7fFYQ4vHEPob,2psD7WuSbNnXkCddAmWMyUL9nmVKqZZQNMcXnSfUnDZ9,SOL,10.000000312000001,,,WithdrawObligationCollateralAndRedeemReserveCollateral,2psD7WuSbNnXkCddAmWMyUL9nmVKqZZQNMcXnSfUnDZ9,7HkBd3ooYBBbrDAXPe3S2JMLDEbS9BwDyZkgbQVautx3,main
1641258407,114690575,4sxE6G6paVUStZgTRCSDFyfwbPy7itB9yWcFmZxRr5ov3M5NPnqfTqbzpbqmJeJipT6A9KiJjVWF5VTVn5XvMQEc,GdTucG67ZfzmoJcqzXWC8uviLMb4gZq8ivXWsx3UFrYR,SOL,8.0,,,BorrowObligationLiquidity,,FxZkvMniXrUZwLLQZLPyUB4k9CkKjstciAPbBq37a64L,main
1641258407,114690575,5iZqypm8Bb4HSFXBnUqF3Dvop8gzMRjSndx4khatob9ERaGkbE9C5JLW5nyMPdFwTf9YCjKMf2CSnUwfiJwA85Kz,3MD3uRj7s5vcDCTyn52YqNShWSANZDbBiNdcqAd4YDT4,,,SLND,-6.0,DepositReserveLiquidityAndObligationCollateral,3MD3uRj7s5vcDCTyn52YqNShWSANZDbBiNdcqAd4YDT4,3gfYeQboj84EzwHWatgAjGjRpeun7LBC39rVJEGcH8Tj,main
1642154830,116198159,4pMeuz7VBA8SmX5PPjYuHkXKXo3b1T9th4vnueGQecKRHX8xcXBzvUhmPWaAqLdWH27pPxvnqNh9vEYH6uiTWyNR,HRx2sZEZDHdQnEw6mCs7F773ewLi562Hs3Rz27AdqVgs,,,SOL,-45.220000000000006,DepositReserveLiquidityAndObligationCollateral,HRx2sZEZDHdQnEw6mCs7F773ewLi562Hs3Rz27AdqVgs,aTk2NyVL9znjGrPcF9CzEwwJdoDVUZK79seRsgmEnG6,main
1641258211,114690227,5xqUP7qYyyhFftJ4riTSGA6FWeSjZQ6kZpVwrzA3C36C8b3pCRv1Q6ngDKLPTmmsovZKg5b3ioY352UERuEgGfyJ,4EompAVKs1FJ2ATbwSjLej4ie3XpmGHK5crBQtES2bQx,USDC,1000.0,,,BorrowObligationLiquidity,,5eEbB5j3KLPQH9en28gX1p83i9YVfcdoWTAsznNfvkh5,main
1641258443,114690637,5u3nayQQb4YtetwZYRtEdGSBex4gebY9QyQH77JGkg4udoqVpfdX9DdnPx6wBeFUjiRn92bbhr58BGKtbNTJF8ZA,5cpqxcrD2hPhg4ZcxfiRY7JsPj3q4a2pYXcPZNvZdcwP,SOL,0.040191609,,,WithdrawObligationCollateralAndRedeemReserveCollateral,5cpqxcrD2hPhg4ZcxfiRY7JsPj3q4a2pYXcPZNvZdcwP,7mNu4cVbnMsaAuphnakCsZRtXzjv25tyo2gVSakbk3jV,main
1641258034,114689922,2coNtkBgL6gQCt6g4GNkwUNzNeT7KdJg5Z1u43Zo7jM71bfBQB6u1grLP1Wdok3ParmaxMjNArbHj1Qpwayxc5ru,DrrB1p8sxhwBZ3cXE8u5t2GxqEcTNuwAm7RcrQ8Yqjod,SOL,0.012290249000000001,,,WithdrawObligationCollateralAndRedeemReserveCollateral,6Vzo2WhnvfLRQtu14QnzkJZCctJZQDkQbAExKJzGwn2e,76Bwv2ZTw7bHoe3p3FW3qsSqKC3MYYJ79YCrYeoPJDjo,main
1641255073,114684705,4iuxbmbqwKBNFKbZLDU8PkYvyeer1Zz8HbH4SBGA9r2AjbBkhLqvWsZwMYGu8ybzGLfZuu6RgQre8FcE89sXGKoa,4jiiQP5qJm7tvJwKJgLDn5QgMCdGZ6tCy4uDekgLpkt7,,,ETH,-2.73433703,RepayObligationLiquidity,4jiiQP5qJm7tvJwKJgLDn5QgMCdGZ6tCy4uDekgLpkt7,FuV3ga4E1c42JC7kUUuRP7XnyNWdTpi2aHYknUuaMj9Z,main
1641254480,114683637,3JwUg6fRW4vVYqHDB6GpCX4eUgJMPudv2MxLN1ZHXV8sjiEt1hpSCpG5LrMLrgGF4qpQ7xtAMJofwRKtFbX6b1rA,5Ga9WuswxW7gqqSGgBoZwLyfTq1Ue9veTV5RG4n1nRtQ,SOL,950.0000385550001,,,WithdrawObligationCollateralAndRedeemReserveCollateral,5Ga9WuswxW7gqqSGgBoZwLyfTq1Ue9veTV5RG4n1nRtQ,9DQ9dbGAjFS1xdkZdRk2jK5YyoD75Yy5bmM4Riyi1FdB,main
1641264523,114701485,6vbYSegckVeoJ97HCQZWMXqNsf3NDSzpg5j8k9bLJ1C7zjXvfXzuCrFEgmwqzpUWb8tjohMyqdqCex1WtYTMQLX,GvTDAxhqQ5gCQKRSpGq7fvaih132DCzmRbz7VyXsbnuE,,,scnSOL,-38.278305302,DepositReserveLiquidityAndObligationCollateral,GvTDAxhqQ5gCQKRSpGq7fvaih132DCzmRbz7VyXsbnuE,8tzuhFdVG6tCAqVXRhZ1s4BnazUghu5Wj19XGJYiFCn9,main
1642189243,116254542,3ZjgDgtHhh5XnM3oUrvqfsAjGNs4G9VQfZCNSrfawi52aPkbd4EXYpbsTvQRAa8b3DUCaTjLH4CbkFCoMGwNSTHF,Jz283ybwar66sdevyz2BnRWzfjyAtauRSthHsMLqKtA,USDC,30000.001052,,,WithdrawObligationCollateralAndRedeemReserveCollateral,Jz283ybwar66sdevyz2BnRWzfjyAtauRSthHsMLqKtA,4sS5RZGGxanFy57wZyyv4YEMJBW7HLEXUeRD2wQBzQkP,main
1642132033,116158877,2yqN5PbuXDH8TJzoAr4rJJzPGrz7MGBu2WxizBTXQt7bi5qJQFH4RnKz27VpFNyKeCMXkb54XX93VuTeySDpbhVP,CyhCA82iBPKNS2DQ9eu7C3jTdNjBf748ggrTDH1TvEts,,,USDC,-13000.0,RepayObligationLiquidity,CyhCA82iBPKNS2DQ9eu7C3jTdNjBf748ggrTDH1TvEts,43ZWCHq7Nx2Ngk7zKDA5H1KE3ipBTX9FA2z2MeSwSvMU,main
1642141380,116175135,3kjiZGDz6SSTWB5NoV4gUi7minuNZf7vcrXWuGYRFCUysKAaPd8VBuuBK5jEUsMWDjk8NZs5sDcAeZk5rL7EbRoQ,F4q2bm6k4AW2rgQMBfvoNnfn1xFkoD98We6uJd6tV7tq,RAY,0.001504,cRAY,-0.0013269999999999998,RedeemReserveCollateral,F4q2bm6k4AW2rgQMBfvoNnfn1xFkoD98We6uJd6tV7tq,,main
1642139059,116171245,4pWipiyvTpqhwJ64dois3PbiQCL58SES4G38tgpAtYFjq3YqFUzHnyaBBZF2wDYKUwg79g5e8qimsvDetNc8wSgn,Fu8tW3KVR7qvCpCmKKZu36fsCMf3haZ1aqWZLCSHqTzo,,,mSOL,-0.009878436,RepayObligationLiquidity,Fu8tW3KVR7qvCpCmKKZu36fsCMf3haZ1aqWZLCSHqTzo,DCdD6c9J3cVpBwLweU5ZcJaxo2ZVYMuVoVFMPmTafp6R,main
1642153125,116195162,5BPJL3DS5sTE8PdFhBktgMt8RSuLPxh1e6iDk5iQpdZLGT34DCn6jwC44Ea76uGmhNczqhEBg1NPtFK9shHQQoxB,zGgyvZqA4zYCpX1DM46X7wX5AqmjiVZFnrpJCUGdSsC,,,USDC,-11.576735,DepositReserveLiquidityAndObligationCollateral,zGgyvZqA4zYCpX1DM46X7wX5AqmjiVZFnrpJCUGdSsC,6ABtiiJ9hGgCh8ciqq5jiBT3XjioZjRwrypgaNmALfEf,main
1642119631,116136746,4g4tNTRa7ji1woQZTkJApaWcgX8VSg3KE3UThTfzY7oqJFEgfYodLX2fFtC5HEXu8whA5pu6FRderyzWaRmvq9YF,GKAco8pD4qyBMosTochuueT4WPnHrZKRNjwxEuJjU96a,,,USDC,-130.731664,RepayObligationLiquidity,GKAco8pD4qyBMosTochuueT4WPnHrZKRNjwxEuJjU96a,5ZhhRBcngt8oMrvU4QekXUiudzLmeCRZF9buPJDdY9zF,main
1642142520,116176986,4bGQKrQh9NhqKoUDA2pYKLkndytz1yJs9zRFgVL7qBnPf8VvTTwjz4W7tcas8My65BaaTHcmsSCUDQ5q5dUFwgVB,JBXbypS6S8k1fAhwPssXa1SDtUq8KSBCjVhbDZqxsemB,,,SLND,-0.505612,RepayObligationLiquidity,JBXbypS6S8k1fAhwPssXa1SDtUq8KSBCjVhbDZqxsemB,5FxAbqkxsgvZcSr4HrQVa51LisdVNGFU5qCGbyR1hTHq,main
1642139868,116172595,3oNzs9R99KXdPN1NZps7SJTbR39NdnsfTYR5zBuAH1ezpTcEzmGcj2qwMQPJ2apbALQUhQvEyHcnNDjuRovGZ9LJ,2KNuy5aBQB58YeLRtj3pJWyXHztaf2jqHWnowThanHmZ,USDC,28.913905999999997,,,BorrowObligationLiquidity,,B9vrtKpVSjwjKbyvpe6Uhe2xBLEivn6SgHgFERdEd3b7,main
1642142374,116176752,2fWhx3VNYnzDnHTMtTsczVGbibpM8Fqo93gzYwFG8wyY6pRk9SFG7FWfm9ommZkYVSqUQK4iAvapyrYxVqhZzNd6,JBXbypS6S8k1fAhwPssXa1SDtUq8KSBCjVhbDZqxsemB,,,SOL,-0.27064903500000004,RepayObligationLiquidity,JBXbypS6S8k1fAhwPssXa1SDtUq8KSBCjVhbDZqxsemB,5FxAbqkxsgvZcSr4HrQVa51LisdVNGFU5qCGbyR1hTHq,main
1642185885,116248945,3kq3am6qXu7ckEvZ85fHyRTGQCACCPArZrPvCTKDSf9KavsGVc2uN8XhwYDBRPb2MPe4YMLXR2Ys7Q65ePuoWzcp,Exqx3rur1m6uf7n5HY6Kai46Z7b5YZjXfgpzhj77sfa3,mSOL,100.00000000200001,,,WithdrawObligationCollateralAndRedeemReserveCollateral,Exqx3rur1m6uf7n5HY6Kai46Z7b5YZjXfgpzhj77sfa3,EmJa6ngSgzvGsy28DvzLPZFfZRwaK9EbRqrjgMWutwdu,main
1642166907,116218161,RqqXyuL9BZXDrNz1UCoHpWomcaZ3VhNKNWvU5VpxXW8XFBpDgR8a4VtZEYQCJp838EWtayf8p8w4CKTe4tM6mjf,zod27enmhXPy2wC8rzGCNPGcpn3UVYUmzfiLaCSokHZ,,,SOL,-19.5,RepayObligationLiquidity,zod27enmhXPy2wC8rzGCNPGcpn3UVYUmzfiLaCSokHZ,BcFmH5pjuR26muHCy4F5niXF7qRYCmBR8ojrfG2D9VQS,main
1642162201,116210387,HC8Zqasziih42zQJGobgVLwJxnsm4SbzwZRVWpNDzti3mHE9DJLDXqGjNtmcWDVhfUmUNZMnahKnWNME1ixAaBg,47KQnibM8uhH6ZX2KPC9YREUJVe3g8tycXLE6u4HhVT4,,,USDC,-907.8084819999999,RepayObligationLiquidity,47KQnibM8uhH6ZX2KPC9YREUJVe3g8tycXLE6u4HhVT4,2TQdYxvb5pHC38qTjeAkeuUMXqDToRucqM1HdbQ1xHwd,main
1642180041,116239251,2K8u46vzyfLPweeTADLk68jmGJKXRLAvAYXnojjxwBgTYWRViGNGTQkM54gFBproYAgyutX48JMU5WgMTW61DXVu,Fu8tW3KVR7qvCpCmKKZu36fsCMf3haZ1aqWZLCSHqTzo,mSOL,10.0,,,WithdrawObligationCollateralAndRedeemReserveCollateral,Fu8tW3KVR7qvCpCmKKZu36fsCMf3haZ1aqWZLCSHqTzo,DCdD6c9J3cVpBwLweU5ZcJaxo2ZVYMuVoVFMPmTafp6R,main
1642142923,116177666,4dFvPgx497zZuzGuks7gznaPWFFwWUPtbVwpnAvvDrf6UdSXXbGzhHaupAH7xo3W86Ko52XWGcf5tqA2od44Hvqi,2odtZSnr9seBst7jM82SXSJrm846eXKp3HygCb2iFUjW,,,stSOL,-30.691011406,DepositReserveLiquidityAndObligationCollateral,2odtZSnr9seBst7jM82SXSJrm846eXKp3HygCb2iFUjW,8ZtGtKkRrAnvGaZ1kFseEv24vYPdsMRdytwMcePutCHi,main
1642193304,116261193,4aqzBx2zPw81Lzv5ZhVDPstycKyLxsDS4NVj7v5B861LRr1zz4QfrBwXkemoKk1P5Guz35ArEh9yGGKpJSeUHB7m,HtjikMgUuKHeKdvyqURKEMPj337aMpqsE3PJVWHG6skw,soFTT,850.0,,,WithdrawObligationCollateralAndRedeemReserveCollateral,HtjikMgUuKHeKdvyqURKEMPj337aMpqsE3PJVWHG6skw,FEUshpEKef5LpC7hqwDKEQRSfjJqv9yRyWfcYZwX5jUm,main
1642193304,116261193,4zJKL2YYavRrANXAzqTLXX7dm6Ew6KcL2fNR9kKL4KY1ceyWHFHkFm5tapvscFvom2nCC4LdD7gUDmUj6WA6qd8w,3ZNJ9NsPGtBFd4MSLwrw1jnWz7rkMHUtGir5PC65jPNs,USDC,1000.000066,,,WithdrawObligationCollateralAndRedeemReserveCollateral,3ZNJ9NsPGtBFd4MSLwrw1jnWz7rkMHUtGir5PC65jPNs,5sWPYjVBMeLFHeSfDzqmSi8bzYZVx6GEqCha8nJvHnji,main
1642149091,116188029,ziC5cZ2bS61xT2RaQQo97ZkwYzfGU9nWKjEdQHLALfFWCjdtzAttW2EHzMhcL1g5ENrU9kZnYAYaDnd4nhjHR8o,BrEhFKAN7b28sjuTwykag3osBRp1iYbWFaxkragrk7WS,RAY,8055.0,,,BorrowObligationLiquidity,,5FQmLHJAbFcySeqbee2A7GiTMoMQyYT9FU7oNC8VPHsL,main
1642198952,116270306,AwZEZYARm4LL7hHA7zq3GWBkf6J4HBejQVdPdvWqtJ6nR45QdqiZAbBrY2GgBauWnRUyPqRm6w1QVXwcacrwETq,ARHAQyTfHFt6FmkqEAHjf6PBwpSvxFVDGoSDk7J5QbFu,SOL,146.0,,,BorrowObligationLiquidity,,2Hzne7LeUxoLf6mB9jcKyY8URL1hjZh7kvnqKdDFLfrf,main
1642171010,116225029,2ULe5qRyx1DM21y1s4LfenWUfipJ13CZbkpXUVjbfyFZBxD3qjaBrACC2WWSzwFxr34jit5vupzihGaDX98ui2Da,85Bg2J2d3cSKukBiFabdKyjdZCEvD9XnDFKaF5E8LvCg,USDC,38376.132134,,,WithdrawObligationCollateralAndRedeemReserveCollateral,85Bg2J2d3cSKukBiFabdKyjdZCEvD9XnDFKaF5E8LvCg,APUxLLRvBBXYsBzEEFTpt1KEPKr8XkKJ3o7DUYHFgf26,main
1642176812,116234102,5KFKARNMS2hej5JS28Kd4nFBzUXhDE6Er5K1YRXaRUaHe3MZFt2xVGWxSTq4gmdGjbTygdjZzmsjnWZuxBefsGML,47iaTpw5hFjyd3J7Vx5Zim2ohkHsHG9jTh3rvCSpmPLJ,,,mSOL,-1037.226908265,DepositReserveLiquidityAndObligationCollateral,47iaTpw5hFjyd3J7Vx5Zim2ohkHsHG9jTh3rvCSpmPLJ,HcAN6d1WiR3rYNHL7hH9U8m9A7sQm5foCB8Vt6UtvJuB,main
1642160730,116208010,ptmvGLfmhzJUfWFSE32EBCfrnwq8ce3KX2TAjRd8ZUafEtiQmFYE4v9tVKfLDz3ADabFZhPDSQ9C15J4G5QA6fd,9qkjATymo2BZdVrb4T4KgSFqPwfXD3LnXvPzfV3uEFPS,soFTT,9.800006,,,WithdrawObligationCollateralAndRedeemReserveCollateral,9qkjATymo2BZdVrb4T4KgSFqPwfXD3LnXvPzfV3uEFPS,Ahr22scZ6ZEvqRX9nnpQvkubcgVCq1oKSAeRh5NZYadB,main
1642170440,116224083,2PoyDPoEZMYM6deJafZ5ehtuUQr3c8WeyZyXNv2knX8gNQTrFrLGF91WchgqJ5BnbbdXaVRU1UjXe7XCN8qWTpFV,EAs2nCNt34RB5PVsLVtoLioWiHRJUDvDNXp4rCjgwNrJ,,,USDT,-2682.572945,DepositReserveLiquidityAndObligationCollateral,EAs2nCNt34RB5PVsLVtoLioWiHRJUDvDNXp4rCjgwNrJ,6At5JNTkt7NCwjPzLvsedZZba3hYRJcko2DmQe3RraMC,main
1642131566,116158001,4ShCS5YytkV3AqAMTL2pQ4svMBiayGZMnGUcFiW4YUYCvfKkxExc5Vosrf9MnbtjQ1RdWq1SJdNpyyCU4SELAZmK,CAmTa1exXNcmnviY3URKUzqdmmr9tnugdrj7XdsBDyJW,,,USDT,-977.9018319999999,DepositReserveLiquidityAndObligationCollateral,CAmTa1exXNcmnviY3URKUzqdmmr9tnugdrj7XdsBDyJW,4B7oVAw4CpAPnhP7ZHd9f5z1dTyUDQkuWesvJQY9Q3ir,main
1642179620,116238695,RD5REQ4CKLq2aM2hEgwnunk4re9sjMBKavzLm8rfasWxdDgG4KLduCDDek41vBKWkawCNrEGo85Wbz8LmVhga4U,BVGwNQgF2Dty3utZBYLuNP36ygXrEnsa61X3KnSAm9cs,,,,,InitObligation,,ChUmiqiNv5bJpRJty3AHbao6aqpqpiDfJb5S42pUkL5x,main
1642179620,116238695,RD5REQ4CKLq2aM2hEgwnunk4re9sjMBKavzLm8rfasWxdDgG4KLduCDDek41vBKWkawCNrEGo85Wbz8LmVhga4U,BVGwNQgF2Dty3utZBYLuNP36ygXrEnsa61X3KnSAm9cs,,,mSOL,-1.9472238620000002,DepositReserveLiquidityAndObligationCollateral,BVGwNQgF2Dty3utZBYLuNP36ygXrEnsa61X3KnSAm9cs,ChUmiqiNv5bJpRJty3AHbao6aqpqpiDfJb5S42pUkL5x,main
1642169726,116222876,4LGXrd58n2UZjp6bBMXmJirZn5Y6DBZo46Gne1r6LBws26iQMGtVbYjTdRCoL9ix7g95YXxhkNj1QfTZptve9jEy,DE9g7jv86CGov8SpCg7qLikVWQDFCUJGEqifregHHDR1,,,stSOL,-292.077132797,DepositReserveLiquidityAndObligationCollateral,DE9g7jv86CGov8SpCg7qLikVWQDFCUJGEqifregHHDR1,FMeKfHyFVUS4FCEhch2K2tNQ74LfyLses78d7jHbUUt4,main
1642172247,116226978,29STbgYJvXiX7kxGuqBHH3UJBXgXUJPa52FFmyFkz8FdQ8zU3sq8wss51JErszRFMuZJ1qJ7H8XKNMaepyZceGZo,oQk1YqwQ9A3JE5Ypu9QacQb33sGa35oP4njMPvBESEJ,,,SBR,-5892.765359999999,DepositReserveLiquidityAndObligationCollateral,oQk1YqwQ9A3JE5Ypu9QacQb33sGa35oP4njMPvBESEJ,7WmreNQhyMe2VnjAxNZ7AyQRzo1QY8DDBmzz5PLWV3Du,main
1642172456,116227293,57RvMZwRqMj7mNdEi4s6AHXufnndqXaGgWZoDyQPGX4vgRBsovTogDxANAcqViu7YfPpPcPDWYzimZvhgfXZRakd,GwZw4pj47xEceTaRQNKxiP3npo3mGiznZnkEbD6is7v4,RAY,23.000004999999998,,,WithdrawObligationCollateralAndRedeemReserveCollateral,GwZw4pj47xEceTaRQNKxiP3npo3mGiznZnkEbD6is7v4,2R3Gg6BW4XSawBfMnFrhA7Syqfch7wkYSjpLnKEY3GSV,main
1642178552,116236935,4k6uG4PFNmCFBpvxRhqvUzdHqe79oZ9NNHzyMUTRFgk3YqF3xhNbWNvzcFumZnvfyTiySmzJGzkQ4dsou843mQUL,5qPg8x61XsLmyxsoxSPBHkAnGn2gmf4Y5z73w3PTKCmG,mSOL,11.478630329000001,,,WithdrawObligationCollateralAndRedeemReserveCollateral,5qPg8x61XsLmyxsoxSPBHkAnGn2gmf4Y5z73w3PTKCmG,2hyPRKGFSaAiCi46LY1hmaMttGbEZBj7coab3Ym5DYFt,main
1642171747,116226214,3JzG3WmNZTZvyHReV6crksGgrEkkbEBPDR2tzgDsAMyynWUMoT4qqjpTQ38ZnWVzhBN4qA1MeGgVnh8Lwi5EEQYq,4ropAHu3MeiLPEq3Ua7tHAKeXrRxtg18Ux6F9Ls9knct,USDC,1.3547909999999999,,,WithdrawObligationCollateralAndRedeemReserveCollateral,4ropAHu3MeiLPEq3Ua7tHAKeXrRxtg18Ux6F9Ls9knct,9a8ZnBRc5ecBnN9c6izdZgysv7JZaLmzce7w9C7tX6jk,main
1642167148,116218551,3CyqQw5sAgwmdyn8k1fNujQx2UA2KsLYXS4TVhVyb3kGNbfvNpjAPHqTN4P2qZob6F9nrF18hbQRjkC2eWoCEEE6,3V1HmecLr55cdDLEXzhN8tfz7qCq7UdD2KwjB4VT4duQ,,,USDC,-9252.85871,DepositReserveLiquidityAndObligationCollateral,3V1HmecLr55cdDLEXzhN8tfz7qCq7UdD2KwjB4VT4duQ,7LFTX8Gihi6U2bDXHHg5qeZJBvscWHmjc2w2i2wxbiQb,main
1642170298,116223834,2Y3i5vVThtfLq2QUrM6jteoCumz6fesrnw9pxn8h8ZtDf3nKCUZjHLt7mhPDiVetzdekpjC1Kq2YBmQWVcKcMEyq,G8jP4RrLxGDThhtbbC9JBRVrJZbFGiS715fZhAXt1Unk,,,,,InitObligation,,DZ5HLWGEDT1YegsR5SkZcW6R4rbouUZdzewoUHaudoUC,main
1642170298,116223834,2Y3i5vVThtfLq2QUrM6jteoCumz6fesrnw9pxn8h8ZtDf3nKCUZjHLt7mhPDiVetzdekpjC1Kq2YBmQWVcKcMEyq,G8jP4RrLxGDThhtbbC9JBRVrJZbFGiS715fZhAXt1Unk,,,SOL,-5.98,DepositReserveLiquidityAndObligationCollateral,G8jP4RrLxGDThhtbbC9JBRVrJZbFGiS715fZhAXt1Unk,DZ5HLWGEDT1YegsR5SkZcW6R4rbouUZdzewoUHaudoUC,main
1642202517,116276184,46GGfSFb3Mp6Gnc11geGhMjCrzjmPz9XaHSiqCDwd5zM9FQVnQJm1orFVkk1u7Nu6vvWYTUDhvi8A2EoxhzPLQZJ,CwtN43C1BA1GeHCVy3bQmSddHwFui3QNLE9CWgXbZWuZ,USDC,18115.07616,,,WithdrawObligationCollateralAndRedeemReserveCollateral,CwtN43C1BA1GeHCVy3bQmSddHwFui3QNLE9CWgXbZWuZ,7HDu53V5wJ22NRu2jse82Ces7Jo6hUVZCHrAPnwE2MBA,main
1642191247,116257653,4z8mmMQcbkkqX45tw5r1Wjf5tZoLGoraftS3kAe5Bt5s3Lb3Mr84K1oYc9A74SnkbvvBzRtMwhCbEXEbBne1gXwZ,EeX1uJHWApM121y9mDQhSwTxxsoJtEWjLRj6qu9aGozo,,,ETH,-0.00220284,DepositReserveLiquidityAndObligationCollateral,EeX1uJHWApM121y9mDQhSwTxxsoJtEWjLRj6qu9aGozo,8mgUNx9vVQD7WYu2e9Ukj2iRLa1KF3uryLdYppRNev2u,main
1642191247,116257653,5PkdyhpZNM3Vf4RXjk8TEyTSmyNKfsYxwAoNUdjLFwdqM86Hq1Y84PAAKijLRGXWywQWNnZfhA4y8UtrRUYGZm4M,Fvu4kL64RxeKYexeHJL5ndyngRu1o4kNQtNy8GFe1Lt4,,,,,InitObligation,,AjekpzevHwnQ4yD5C2KDFvYtnD4fgeSYYG8JvjwcgL27,main
1642191247,116257653,5PkdyhpZNM3Vf4RXjk8TEyTSmyNKfsYxwAoNUdjLFwdqM86Hq1Y84PAAKijLRGXWywQWNnZfhA4y8UtrRUYGZm4M,Fvu4kL64RxeKYexeHJL5ndyngRu1o4kNQtNy8GFe1Lt4,,,stSOL,-1.1271432970000002,DepositReserveLiquidityAndObligationCollateral,Fvu4kL64RxeKYexeHJL5ndyngRu1o4kNQtNy8GFe1Lt4,AjekpzevHwnQ4yD5C2KDFvYtnD4fgeSYYG8JvjwcgL27,main
1642180325,116239643,5CDiFfxC9nzgV8DkwbhrgGfoETr28iodawcoqr5gDGs8VTAVnU8gio1fdYkpAuEoPTYdSTkRTgsdLEijGjrV7AVa,E7zZz5sNFEW1MhVQxRo2q5VgujJvyN9qja1HiRkqs27a,soETH,0.008276,,,WithdrawObligationCollateralAndRedeemReserveCollateral,E7zZz5sNFEW1MhVQxRo2q5VgujJvyN9qja1HiRkqs27a,Edfu7dCXDp4j7S8biPYE97DCW1ci4wS8WAXx3XJPFmGj,main
1642122553,116141827,5qRiMmvpXFo6ionMmj99tukvhq4xBbGMeMRsmt6hVGq99uqoVa6xLm91kL4iBfXR3acFLWju9mC75Vw3gvgQ2v9D,CnSUEttNjPPcidy7MnfyKuvZcoK8UXnN6USQ8wUNXXED,USDC,1000.000067,,,WithdrawObligationCollateralAndRedeemReserveCollateral,CnSUEttNjPPcidy7MnfyKuvZcoK8UXnN6USQ8wUNXXED,BDmYcpHwyHpJ3vrN2SpbM4yhJpSQERAwAYikkMrHM3ff,main
1642164396,116213984,3kRYBJWQacsxGoHAi6Ue3Li6YZLW1QAmtKH2fFKkXLVbkp2j2PPG6fLQuZ72Yzd1cVUTNUstu5RooD3D57qTPv5Q,2oaXR8MyKLQoHqnEQXQGsxXKSpec4X3cHPkMSjNz6Gw1,,,USDT,-2530.423579,DepositReserveLiquidityAndObligationCollateral,2oaXR8MyKLQoHqnEQXQGsxXKSpec4X3cHPkMSjNz6Gw1,5o5r5epfcFCiKTNHKpZKmZ8nQqaoX4GagLk3jxAwaFz9,main
1642125530,116147197,A4hfdiWtcKvqeL2Y4Dx1PBqoSohmLnTcUBuLZJQcD1dUS8WBHUNsZkEtM8B1oDAWZVYxN51qrWBUjjgfUSBjLSa,GxZhyB9TUPXkdqnDGJB9aGTp2Y7hD5VyUmgdi5My26kD,,,UST,-6.429658,RepayObligationLiquidity,GxZhyB9TUPXkdqnDGJB9aGTp2Y7hD5VyUmgdi5My26kD,5cBhB84eD4Ap9Wxf7rqi37BaktFBrDAi2R3AJTJeDBAU,main
1642167696,116219463,2PMpiFQoCRJu4FTn5xQmNFGLGQD9P5T15cLtUz5rnCjgjbiCHhm9VcCveK1VkfG4JLKAraVD8kwtA15UQKXJpeMi,96tUHWM8WiPDomPHq114Sn1ZeXqn3pZ2cCUtzymBP8PC,USDC,3314.054631,,,WithdrawObligationCollateralAndRedeemReserveCollateral,96tUHWM8WiPDomPHq114Sn1ZeXqn3pZ2cCUtzymBP8PC,8K4R3SuV3937Pf4JwhUmuEsCCvZheUq6Cnu3M3f6LzhA,main
1642183985,116245665,2ciH5dSPLNqMXhLkD3gPfC9zgoYqKg1WsbK4qsp3FYhtrnDGX3hZEj6sd3ehSaPjLzs9vVzHMny1yvZJP1WW1Q4g,67KwKAa7up54Tdh3sKuKK57dBU5cF5qyMG1ZsToXQyFu,USDC,265.0,,,BorrowObligationLiquidity,,EJH4WG3Nnp3fDoEoJqbBmSStpJmsMSJfSLMzaaVdUWC7,main
1642180668,116240190,3Ze657Jbb8otLPLd5NVRfs4ZRbSFcjfBxN8ZkdZgEHPG7HV3GspMKzq4UX7WUXhzgqepRARTY4NAMM5JgTT5RrSt,72ycMbRcmBXAScBTaY4JPuNhifB3wZpNCvyjWf2eNRHH,USDC,1800.0,,,BorrowObligationLiquidity,,ExaKsunLWnMRydk4esuje7oTDAVJCq4c5wtaavRpNwVP,main
1642172498,116227347,5rUZXw28sjAgKacKJxfBBPfzzedhRfDHtrUB62R1MwSJN3mWhUdSBrJYVp2T1pXA16ofTSbSNXZajjxCLCboHANV,8vr1fbivei32a9YAPCgSxXuUoRUitoduKDRGUAy349eo,,,,,InitObligation,,B6AVSDfZf2yTa3zVbzsnigwynbjQosT9REbooDpYVB79,main
1642172498,116227347,5rUZXw28sjAgKacKJxfBBPfzzedhRfDHtrUB62R1MwSJN3mWhUdSBrJYVp2T1pXA16ofTSbSNXZajjxCLCboHANV,8vr1fbivei32a9YAPCgSxXuUoRUitoduKDRGUAy349eo,,,BTC,-0.0098,DepositReserveLiquidityAndObligationCollateral,8vr1fbivei32a9YAPCgSxXuUoRUitoduKDRGUAy349eo,B6AVSDfZf2yTa3zVbzsnigwynbjQosT9REbooDpYVB79,main
1642123425,116143399,dRxAtoSUzQuViyCnrWwvHpTz7xGtShaKvyYkyGkKE4TqbBeUGTW8EPLM1AEodFmr4Vt1PcrLwRjJhMhEncpuJuk,BBg2oPjjb6UWEhG5MmLKxnsKR7UyQKtRM3LU6W55GKNP,,,USDT,-10.0,RepayObligationLiquidity,BBg2oPjjb6UWEhG5MmLKxnsKR7UyQKtRM3LU6W55GKNP,95z9oMuJKBG2mftFyrM6WRpTsvHtB28SabMBK6bG3Gv1,main
1642164550,116214246,EdAgWJuNFR1WCpWLZ9tGhefWyaYx3gBToibEMKFDHyjdBb2h9Kod2NA2hQy2EfnhJPJVX9KehisipEcJYixjrB5,66CQPDdpkYjQRs7LMQFNyvDd44SwufQFmgisn1M9QAah,,,SOL,-549.596494566,DepositReserveLiquidityAndObligationCollateral,66CQPDdpkYjQRs7LMQFNyvDd44SwufQFmgisn1M9QAah,H9WJC6fQppKna5d2w396JDWkmX5vuzpdZQVsLRdAf44C,main
1642136499,116166777,z7BWPGGaNnKVkaEuHGzGB7V29cn2godajzK2yyK2j6o6m5qMycJRwhJUYYVM9Bs9UgymbNEpNWzYDKYVrSBvkdB,B4P4miyudoJTSpiuchDJs4HvxhSvyStni49LtEVoYVM,,,soFTT,-6.593998,DepositReserveLiquidityAndObligationCollateral,B4P4miyudoJTSpiuchDJs4HvxhSvyStni49LtEVoYVM,8fd2WZ26xCPd7G3Xo9zs8cgmhAngcCcdD1YuoTFqtkZL,main
1642166820,116218007,DAKPyKKMuo94CSRC4tPKNvFy8mpCMyyqQ1oKQcPAYC1UDnz1qMabnXpyR5dHFC1ZgAjfipjSyuWGv234skLJFBT,6gHfynsozf77i4dAbXxKwwSH9p6WogLFxc524iWDLkPb,USDT,50.0,,,BorrowObligationLiquidity,,Ck7Hn19v3zbufoNXcAiWNtpaZhWdk4MaKE48x9W44xu7,main
1642154143,116196945,64FS6pFS5NCvhaZ5of8RwVuYMfPHYUE1VnMpUZWFtsSPsLPb8j7FRwPbNbbNTfV4rUERrEnxH8dukt8k3X4EKAD6,BESZeG78xm4Gymsqb3RJhw5v6CnabL6ZZqZEovi6Wmo8,USDC,200.00001799999998,,,WithdrawObligationCollateralAndRedeemReserveCollateral,BESZeG78xm4Gymsqb3RJhw5v6CnabL6ZZqZEovi6Wmo8,Hs27yWaunUzXbznkkkifF6YmHrNwJKvWuh9tJT1eA4zs,main
1642141869,116175913,2wunbSvLXQmJ1ubXHu516LwZ9yZM8gkLWq3EBwcwsRuD4rCR9dc6neWWE6ZGbn7L1NvyA6vjNgBUG7x5xizRMiZ8,4jphBN8fmUsocvC4ArMrB9Moicyo1ZuPSNBmGHFpPmbA,USDC,34625.887481,,,WithdrawObligationCollateralAndRedeemReserveCollateral,4jphBN8fmUsocvC4ArMrB9Moicyo1ZuPSNBmGHFpPmbA,GX4cshkn4JRxbpdtrMKaxAyTn4Doi6PH9nMVQZoCkiWK,main
1642178875,116237486,2DjL2zyW7zjCuWg2f4WUvEnJpFcdAX7ErDsZZKE3sUASumminMSsNAkLYYpy2htcqrK7srgk3mcpqPiYM74ygGm2,9DWov2Hq1n8E3ApBriGpn8ankTfQ2e4kDqxp8AWm5C9A,USDC,100.0,,,BorrowObligationLiquidity,,FrW95tcTrzaynCkvDNjdmwyLVRVaFyjPaSeh5ZqCy1Nq,main
1642182093,116242598,5LwRNMcCQapqRdCxJa6W2fbJmGJ8uiEthSxKNfRSkK8wgp9dpCi86QDNncKoqF5HCDM1djEZxmHU9xd5sMmK3HDd,7UAXewU9e3CAWGszy2vhmprzzdnDb52v4HLnDXS6DBby,,,mSOL,-2.5,DepositReserveLiquidityAndObligationCollateral,7UAXewU9e3CAWGszy2vhmprzzdnDb52v4HLnDXS6DBby,a7utyxUNYAdhSuJVAokQrr31RaCq9HWPrvr6c8gFSwD,main
1642160627,116207830,418jkcyGjftWdPrTmbaWZYgYbyxWZqXyGkJHTn1rjXWqSVSJXxMY675K8kfUcT4EFH3LCC2vwEs7nH7HiqRuDV7V,CbPMtStYwChXCkvhswLwsBrNkvdLLyt3XdvqmqigWUWG,,,SBR,-570.979338,DepositReserveLiquidityAndObligationCollateral,CbPMtStYwChXCkvhswLwsBrNkvdLLyt3XdvqmqigWUWG,81CLnwCtEP6t5pxq6J4yfTbdjXEY8xK8hUeV8JpBXcRM,main
1642184390,116246335,2zQdePN82pEsePrShYc5sHx8RCZoUg5UPdWxDrhR17SSJg5sgySXaM9oW1ZHTgc2Kehfzs6XJoTsYqNZdpakXUVc,G5o2VYJX3nr29GhXHPVD858JfVwJLj9aKL96vsXWoP6n,,,,,InitObligation,,DdXExgnVn1jKqSRJmKWix316viDikVZimhyrsWsKtfX3,main
1642184390,116246335,2zQdePN82pEsePrShYc5sHx8RCZoUg5UPdWxDrhR17SSJg5sgySXaM9oW1ZHTgc2Kehfzs6XJoTsYqNZdpakXUVc,G5o2VYJX3nr29GhXHPVD858JfVwJLj9aKL96vsXWoP6n,,,SOL,-150.0,DepositReserveLiquidityAndObligationCollateral,G5o2VYJX3nr29GhXHPVD858JfVwJLj9aKL96vsXWoP6n,DdXExgnVn1jKqSRJmKWix316viDikVZimhyrsWsKtfX3,main
1642164033,116213342,53NPfHs21866ti6qCh1FSxdbYpTCLA8QgYQ7kiFpbbZVdZvGZy6hjkueUVxibC3M2Ga5Ddnw7TuzCMFRLBpYAhfN,3TJYWxRk5sgaAbEXXoYEsUy1QNHZETsnEMsMmezzERJg,USDC,2200.0,,,BorrowObligationLiquidity,,FhQF37x2YMDPW34Z2aBBdMeShdEpS4r6md6JdRHSwfuK,main
1642196840,116267138,B1BKimij77TgkZCJQUjSNnTbLH9VnRSVaLdfmQndU2DwjHPAK5uuixSqmKcYLrnB1Hu1Bk5KFj74cZb5KXVT5Bg,G13DkZLYkPpHc7EXJkpuQ7DahNxWJXKtcS4SUYHoZjk7,,,USDT,-596.541432,RepayObligationLiquidity,G13DkZLYkPpHc7EXJkpuQ7DahNxWJXKtcS4SUYHoZjk7,CiDd29F1UbF7WwH2nHfvu8shnVjWf1iMfPXgnDAMZ8V,main
1642202549,116276229,4v4eJbbpFQZ9YtVHLuBf9vMoanBNbE4xUMVDh7RfMQq5H51kdpyRodVzk2kajTjpSHZc5X1fbTdb1USFgdByZQj5,F4q2bm6k4AW2rgQMBfvoNnfn1xFkoD98We6uJd6tV7tq,cRAY,0.001436,soFTT,-0.000187,LiquidateObligation,F4q2bm6k4AW2rgQMBfvoNnfn1xFkoD98We6uJd6tV7tq,5A6BJARJV5w2WYjML4mNykoe6eYBj3DELCP7yHkC3c9x,main
1642171420,116225678,6HmbgrM5tEHe67gkKgqWuDBRyw7QpoqhZzpeDpCbwHvQ1Xw5J9skNtk2NHu1aZa4aNGMNq5QcE2N86Huvb5V2fp,B5KSyHK7ydzX4nXNrEhM8hK3jPD4oCTqEtC1hMSuTUP7,RAY,91.186616,,,WithdrawObligationCollateralAndRedeemReserveCollateral,B5KSyHK7ydzX4nXNrEhM8hK3jPD4oCTqEtC1hMSuTUP7,FMJ22komMdc7MdEzFGisrM7dxaSdB1Fstz12yuptTae7,main
1642181104,116240907,5HPB8WEkbccsJMgKjBZHgF2rqNzBz6wapNssQEiAqYcQVtN7wZLsF5gCaHYFKm4J51YeNkRRBGaZHQsLiUCgh95k,72ycMbRcmBXAScBTaY4JPuNhifB3wZpNCvyjWf2eNRHH,USDC,1000.0,,,BorrowObligationLiquidity,,ExaKsunLWnMRydk4esuje7oTDAVJCq4c5wtaavRpNwVP,main
1642181104,116240907,jH9uYfrThTRMjMqRXhHzcAzNdYzm3FE5xuWBqoKd6Pcd52hAyv12wwmB9ktgecjRexxuna3c5oVKjWVBb6yPN7i,Bqka6RysuGFigRHhCLPG132ZxdaUPDRyx17EiXvEpyUu,USDC,425.31947499999995,,,WithdrawObligationCollateralAndRedeemReserveCollateral,Bqka6RysuGFigRHhCLPG132ZxdaUPDRyx17EiXvEpyUu,DUWHsonhzMNUbTc3mThJRyYUdvJmQbKoaqu4vQDA5LXR,main
1642195502,116264895,2EVAM6JUR3hEXgfDrNk5fuw4CuNTgpXhX2mNRg1QgNWdZCbrGeTGr12isqZD9LKikZMxd4Z52ekCPiJ1ukXCj5ti,eCGdmtkvUvcTue1PMQVT9ukFFsmxFDDZa47uGGL72tM,mSOL,2.889999999,,,WithdrawObligationCollateralAndRedeemReserveCollateral,eCGdmtkvUvcTue1PMQVT9ukFFsmxFDDZa47uGGL72tM,BxQvvNVRa8c3sq3WmxsR3ghW5VutR1z6nPQa9AEX46qG,main
1642181146,116240981,mkZMqRjeGjMrK5KNEdW2D1A6VGZmLt3o1DVEMSnAfEaz6w7vHMUFP7R23Pd3HKXpMCBz16f23RBp1AWc6FScMMZ,2HVn5HX2tkpNFcNs8uCSaEL8rC627bz4TUoNvyVnG9uK,,,USDC,-27944.724479999997,DepositReserveLiquidityAndObligationCollateral,2HVn5HX2tkpNFcNs8uCSaEL8rC627bz4TUoNvyVnG9uK,4UAa4LV1vGfKbaTQywQ1dHm2k7XRLpbvtMQ9A7r3gzz4,main
1642174135,116229879,ZeTUTZNRv4G4QeYS37nCyx9y6WPoZoegbeZhK92FuAxsyVr2EXKXXKyXtSLVuLnyxjVSBq2NZVf6KTqC4pbTeqk,6yFMnEvqyQRWQBzztiVCnxm58aKVjBATmJzt6sf3M1zB,,,USDC,-12.429217,DepositReserveLiquidityAndObligationCollateral,6yFMnEvqyQRWQBzztiVCnxm58aKVjBATmJzt6sf3M1zB,B2ryGfREKJQ5rTyGwSCmoYDUKPDssEKGMBuU2QFXEbMV,main
1642204151,116279091,5YmS4EvFXesTAwFMky8Eiy1vYNxVL7AkMfTSNX7qE3ku4rYn2mh9YPZDzMCYXPGw4RKadirruyptAx5hQjtKuNTA,AputDhDV1Kkq7qv7kZYNwpR5ByFjgQGKb3f8hnqR2Go1,USDC,300.0,,,BorrowObligationLiquidity,,45bB6KBAXDQgh2aX9W19wrC3VdrzsG2jKoExb37HLLWh,main
1642152052,116193301,24E2is3V7Ug7DVzpbx2XusdNVEFzRiBGsa4696HL5iPJii1mSMzmZFk9KJqnjeF747jaRGWV9qQnN8XvquA7yU7T,CP9kjqwfxENJV1j7iNz842AfUFVEidKopSE3sCCy66mu,,,USDC,-47.055730999999994,RepayObligationLiquidity,CP9kjqwfxENJV1j7iNz842AfUFVEidKopSE3sCCy66mu,7dVrYhFAQD7dLbNs3aLxBHKXJHDXC4zbBWaavELduxXx,main
1642169649,116222743,dWG4V8kzmmJ7PB28jy96gEe3A1ZthmAcU1AQBS8yVE6sDmVPp12oAkAczpn6rGnTBWNd9ig44iiZhpuoFQhZAe2,BHuUKFAvTtfJVVdJ7E1HUpVShiDi6TohaBQCcQQVPAh4,,,,,InitObligation,,FEQj3aJWhg1dJRcGh4JACbQzmzDBBjkALMZ3T7P4pEr4,main
1642169649,116222743,dWG4V8kzmmJ7PB28jy96gEe3A1ZthmAcU1AQBS8yVE6sDmVPp12oAkAczpn6rGnTBWNd9ig44iiZhpuoFQhZAe2,BHuUKFAvTtfJVVdJ7E1HUpVShiDi6TohaBQCcQQVPAh4,,,SOL,-2.0,DepositReserveLiquidityAndObligationCollateral,BHuUKFAvTtfJVVdJ7E1HUpVShiDi6TohaBQCcQQVPAh4,FEQj3aJWhg1dJRcGh4JACbQzmzDBBjkALMZ3T7P4pEr4,main
1642165806,116216307,3UDZr6wfoyaHo12TdgxfBCmUQfHdnE19cK34oeNRDgdsPHdnwh4FBZRS6P6nLfDbd7ZQ2D2iRaRyVWdDa5WkL4QX,4FvmYJbYtTe77vmCQMVDMTC1iURvPL3dgSTYCeMTjw3Y,RAY,0.001766,cRAY,-0.001558,RedeemReserveCollateral,4FvmYJbYtTe77vmCQMVDMTC1iURvPL3dgSTYCeMTjw3Y,,main
1642193641,116261777,4hNBcLNRbn8SVbSMvdeDn6wFfmveAGn65kzHEdPvTtK5RhbTu17nsA7CTwR8r9M7SMpdRcK1XrYyUavrtjdERq1u,FANjuuFSMPibMCrrY6YEmDk15quNm5nvt9j8mKKLGdis,,,SOL,-0.25,DepositReserveLiquidityAndObligationCollateral,FANjuuFSMPibMCrrY6YEmDk15quNm5nvt9j8mKKLGdis,3nRvr49AnZaxtWx1R5s8rDFEQfRiMyLB2dsixtk1DuSt,main
1642124280,116144945,5AKAKoR4M8PqaJtpiSYFozJzkn4aXZ6D14EjvgDr6QZ8MRVpzcqqe4wLJXVa2DWPWvZZj5SQ5BsquswGz6Vk77wR,8QgQV2vMRPu1WWZFGaitm1BjwUtc1KcrvBGfvjmqERuC,,,SOL,-0.13,RepayObligationLiquidity,8QgQV2vMRPu1WWZFGaitm1BjwUtc1KcrvBGfvjmqERuC,rBn6GT8eVBhDs3N6ue1BomcYmzm2RYxLLH58ayB1LuQ,main
1642194272,116262843,9cShYka1szcFvNvTJyS6quN5bwWAU3JJVcSp9bvJx5LWzneJxVCYdFducWtpdG2bFGmG5fBz5rxkucu119tuR2U,AuvTYnguE1D6LehYE29FUpYe5Zz2S98sYy2op2WwejDv,,,,,InitObligation,,7KQhsx7jHHnwcPLaeb2Suqj91nRWN1wMyxEn5fPxCDWw,main
1642194272,116262843,9cShYka1szcFvNvTJyS6quN5bwWAU3JJVcSp9bvJx5LWzneJxVCYdFducWtpdG2bFGmG5fBz5rxkucu119tuR2U,AuvTYnguE1D6LehYE29FUpYe5Zz2S98sYy2op2WwejDv,,,SBR,-71969.511983,DepositReserveLiquidityAndObligationCollateral,AuvTYnguE1D6LehYE29FUpYe5Zz2S98sYy2op2WwejDv,7KQhsx7jHHnwcPLaeb2Suqj91nRWN1wMyxEn5fPxCDWw,main
1642180410,116239766,o3F6vYJcntGTFnu2mf2eraPA5xvASiyapV4TGQGwX5hSdCzNuR5Gbc9iFYaeVhVRRaKCQRsJCf6AWfWJTuUp1oP,DyX6t6UzTN2Um52YjscxZzJF7EzA3X9nh3Rg5o1isZpf,,,SOL,-68.081927562,RepayObligationLiquidity,DyX6t6UzTN2Um52YjscxZzJF7EzA3X9nh3Rg5o1isZpf,FESRXRJSD9sLeb27fboijwqy7eb2PgLTHdMsHR78rDhK,main
1642193552,116261617,hnCNxJzm7xukAbQzLazR7o8bsK2UMsmMcbvpaTRiSBTVwXdKzoDhenm8uikHKg7jJXcp8U3bwyJTJYh5kJ2wT38,H8avLeidfpcnYKtcykCcwyUPeDR8yAVDyr2d4sUk4Jqs,SBR,5010.855129,,,WithdrawObligationCollateralAndRedeemReserveCollateral,H8avLeidfpcnYKtcykCcwyUPeDR8yAVDyr2d4sUk4Jqs,66B1a9rsRfFBRcwQNPTZERjXm8NtUgBSPVmrZZC1VZkQ,main
1642159900,116206619,5C4gfn6S1haZMsDYkUWmMbRmXXcv5C3K65NGt1t45sSLomCCC6J2bJZtkBXRC5aY5v4AncrXo4cBLodVH7tW4XU6,6DR9Kq36V8nMDvnFV2SLSYFuEcCp2Xqf49nL63Ckxt2y,,,USDC,-14.848457999999999,DepositReserveLiquidityAndObligationCollateral,6DR9Kq36V8nMDvnFV2SLSYFuEcCp2Xqf49nL63Ckxt2y,7UbUKGDu2hL2aNXvMdhYYuFtc51PxZb2Nb6UUrmYnmMF,main
1642191243,116257645,2tXqqX4EN9CCEBX4ZZ2RwGLQiLTLd91sLR1WveGYHZ5zGZHX2BFqsLLSS3veaQPWiGSyr5iGBKXZpAXwzJwZwZWB,JCgZ6APtuXRmkrDpefuFwzjUPhhGcS4pA8CiF11DZKhp,,,USDT,-1798.4564579999999,RepayObligationLiquidity,JCgZ6APtuXRmkrDpefuFwzjUPhhGcS4pA8CiF11DZKhp,6UGpJQzz9JubhsXAmanzPotSaymBNHyx4SPVbxFwNbjf,main
1642182018,116242465,4oLPZ7KqyBq8Qw78ExfuaLDr3c7qzwzN9LDHEpHSbbNFP5dcBVNJ2YUDCHJYUWs88hgzcFaUJgFHwLeXpZMUH3sv,Fr6vSJSq9Dtpu69uGu7siZJspis2gXV9HFms2dK36HQk,SOL,50.0,,,BorrowObligationLiquidity,,EW2ynrH1G9nfqWSw2s2qppvpr4doBYPx3CuhoRk1YEEW,main
1642162159,116210319,2YKKznw6u2pCx7C2bUiR2w2TB9ZGidpdeTqEpnZepknoVYqn3qTNMpG5non7G22HcTo6XHHBZjCTZmGrSvtsxRZG,7bg9aXcepi2YFkMXrVBiuEef33QHMJiU5CVcfzdZrNZn,,,USDC,-0.295081,RepayObligationLiquidity,7bg9aXcepi2YFkMXrVBiuEef33QHMJiU5CVcfzdZrNZn,5b5DighgDt3zUxLz8EKk8RJJRavwxfUKFsa4mUPZESGM,main
1642189114,116254346,5oXEYt1JrbMNudhPbPFvbfBBkgX9KtpoEYWxpFogxmvmrRFmgTFTdUza78Hsaq5Wr4DmQjU87PQ6GnPSLdE9xPYw,totZ43mZ35NxbvNNzBi9945vkXD5uUXtJVhWNTadN7w,,,mSOL,-24.328884438000003,DepositReserveLiquidityAndObligationCollateral,totZ43mZ35NxbvNNzBi9945vkXD5uUXtJVhWNTadN7w,JBNtUrNTRcb98zqVEvNbN2RH4d976kvDgcAjrbaoAezZ,main
1642179195,116238050,45ghuAL98XEa3gKg49joYXcjYPndbjMApLV7e4S6KdhEruKDQGEsUNmM7Ade7cTYRjNa7aZ7JpQJFBP57MwzLFyX,5qPg8x61XsLmyxsoxSPBHkAnGn2gmf4Y5z73w3PTKCmG,mSOL,45.420109064,,,WithdrawObligationCollateralAndRedeemReserveCollateral,5qPg8x61XsLmyxsoxSPBHkAnGn2gmf4Y5z73w3PTKCmG,2hyPRKGFSaAiCi46LY1hmaMttGbEZBj7coab3Ym5DYFt,main
1642196957,116267352,27ArRJVDJthtiDQJscNmSpDv617FVmzDKYA1ibZUpYsfgKyYQsz5otHsdYBoLHMDQaZVoyAgD7H2CSev425DycZZ,7RCDGRGZPnFcUdKEaewrP815tuYDwWDmWytdHK6AaoqA,,,stSOL,-452.81756829600005,DepositReserveLiquidityAndObligationCollateral,7RCDGRGZPnFcUdKEaewrP815tuYDwWDmWytdHK6AaoqA,HJKYGQCWpPUaKsyBa89inNDy7RyBQMEoQNTNq4s7G16g,main
1642161147,116208672,MwwwjR7JpbpRC71pHKhafcXvSq5AYUgdoYaaprtaQ8o6gamWsxC6dcSLaTB6UEAWtKv2eabFdHHrGAGv4hLemab,66ZoUUdsKmeuLGnECsfCEaxMXJbZBh17hqq8mcKx9zgj,USDC,271.989737,,,BorrowObligationLiquidity,,9xNDWCrV1kDS1fnzCcZNYeERRVvRQSbMXgZ9YeDuTwRC,main
1642162928,116211549,9WYuW9amRg1Bk8U5qf2VzsVM2ya4ZhzHZqEcMTYPiEB2fjmqYjiY88geF7654esmoEX2oJkJrQieDevdYTNexhk,8ySrv7ptFYmPpGQ4aESCEnK8BevZN9jV7151AYT76Wxw,SLND,1.0,,,BorrowObligationLiquidity,,Ed8sxTG38YS6Tp6JPNDwVzYSo3AbAp1pcSmfvqVVxnDj,main
1642168092,116220107,uYYDhyAfGcYEmrkcSzhBE57fm97gymHFU3efFGzref3T8GGBwYSAN5pHSJm2pJRPpTfGUqK7nnLkG917X83F7Xo,HzVUNoJCTX9nG5xTFk6aMXcq24984NQVnGCNoRkNmtsX,,,RAY,-7.151383999999999,DepositReserveLiquidityAndObligationCollateral,HzVUNoJCTX9nG5xTFk6aMXcq24984NQVnGCNoRkNmtsX,6duqVBx962FScHpUKkGSSXeDCAgAxGjk8EdE4NPjdSxh,main
1642177005,116234362,X8XfJRKpE7LMS7fDRvX1spgxLSPAU2mJDhZu9SUbaT7VQbB6KkwuRhSRgHhgf9atLZUUrp8DhQXUXgu8erdHiYZ,H3JRSWbbDqLKQ2PhXx4N7NJqjMQH7y63Unw7DZauAYR9,,,stSOL,-0.127416198,DepositReserveLiquidityAndObligationCollateral,H3JRSWbbDqLKQ2PhXx4N7NJqjMQH7y63Unw7DZauAYR9,8i4XJ3ubTuohuGX22iui1V13aDPtHtP655qMJqirySU8,main
1642196041,116265809,wi4oR8znHhpPhxtjKhXP2TkifJ23DAJmVj8U9F8QWbA43ESbH9nssngZ41M2NmHqNtxNvNCKuoiXgaW7CFYAfXH,G13DkZLYkPpHc7EXJkpuQ7DahNxWJXKtcS4SUYHoZjk7,RAY,300.000764,,,WithdrawObligationCollateralAndRedeemReserveCollateral,G13DkZLYkPpHc7EXJkpuQ7DahNxWJXKtcS4SUYHoZjk7,CiDd29F1UbF7WwH2nHfvu8shnVjWf1iMfPXgnDAMZ8V,main
1642170628,116224403,5LmZ1gJFJoTa6vU33RD7rx2hjfJeGUWf6YfAnHe6KbiVuGWR5g2hWowMNs16YwssyRWoX4D3CSYQX92S9WXtqDag,56NuZ9sVfmiUfYALJFGngFmMCBCsxknk8k4ZT2qYKUP2,,,soFTT,-539.4,RepayObligationLiquidity,56NuZ9sVfmiUfYALJFGngFmMCBCsxknk8k4ZT2qYKUP2,GcbAN5GcutwdRtAmnKyXvuE8fHNBcfdUobYZoDsiUCpr,main
1642197455,116268185,2N8NPHA8jqwT9E6ykyid9pNKvdU2uFQLgootzmbwVGZPkTjuj5SHzgMSAwTKhupeekkvxucPE6Tr2QwGJk9M21sJ,GjFqfwFdLn1SBi3DxDj5TUgxQxbZcpXCLZrLmnRHW6c8,SOL,0.04,,,BorrowObligationLiquidity,,GWYjsoKkScD52MtoGeX8Mq4J84tKcfu1tE3M9jZsMk1b,main
1642171028,116225056,5B5THDg2EvMrfguXobEz32qLVaGcNXfrB3phE8rZ8W8jdUhfEKthSgzxycumWCJ7f5Tx2GBaBR58kAuebLRwr72h,85Bg2J2d3cSKukBiFabdKyjdZCEvD9XnDFKaF5E8LvCg,,,USDC,-36815.557026999995,RepayObligationLiquidity,85Bg2J2d3cSKukBiFabdKyjdZCEvD9XnDFKaF5E8LvCg,APUxLLRvBBXYsBzEEFTpt1KEPKr8XkKJ3o7DUYHFgf26,main
1642169360,116222264,5EUQAv8XcTpnt4qnCcmjd5Pi8iVnUL99Vg7nNxBUEKehmFsj2TaxWuKvP6G6xy19caoq1WnPHht55L3TZW9CoczJ,F1tjjBEUbmqLyLXeoTigLE6z8S6Qn6cRUZqzcyMXU8uM,,,USDC,-650.0000259999999,RepayObligationLiquidity,F1tjjBEUbmqLyLXeoTigLE6z8S6Qn6cRUZqzcyMXU8uM,EXKRXNJEREa3uwm61mHorWt388jZshR9XFAT2pV7MP6a,main
1642197813,116268673,4uvYTPThRwia5ZhNxchdM6mvG9V6CtK9MV288QL8tkMWpbuVoeMoza7DPpv6Qo87DEg41XUmiwWzabRqCDqrCnBk,9uvSu7NwQjPwUwjjrH3yAoZRVt6rY8JRisTfQpuDfGBf,,,USDC,-498.064212,RepayObligationLiquidity,9uvSu7NwQjPwUwjjrH3yAoZRVt6rY8JRisTfQpuDfGBf,uSASDDaKPqJkZsWW7vfqusVqSLykjykkerAwD6vPRon,main
1642202143,116275534,WcVg8vKwpBzPnMj6Zx2Bs4HFa83Nm7zEXFmmwEWm2Jv5gwaoM9Pcb4UstVf4o7Zg2zH842S3fWSWChmLP1nCAKa,J4MkdJrnzqi1rGQLLV9mAHjK3v926AuXSFoEwKbggB7k,mSOL,8.0,,,WithdrawObligationCollateralAndRedeemReserveCollateral,J4MkdJrnzqi1rGQLLV9mAHjK3v926AuXSFoEwKbggB7k,9x2HhuUeFRiH8x1JcKFfULEMLQCWckXuUtnpRLd9Nfb5,main
1642188971,116254139,4LdiUGcC2Q3dodatB4DALPAd5HoYc1rLzappzaunCAjsYedaTpBudwS3kW6bZZV1QHHp37KXq9FbabqZZFHd9E6S,F4q2bm6k4AW2rgQMBfvoNnfn1xFkoD98We6uJd6tV7tq,USDC,42.023483999999996,cUSDC,-40.820554,RedeemReserveCollateral,F4q2bm6k4AW2rgQMBfvoNnfn1xFkoD98We6uJd6tV7tq,,main
1642184322,116246218,UUHthRkRemFtg6DqEfUA5xgXJriatKGB3thT5xfxRoYjiQ5aGE4iGXRjtVAznPxkjnhpDwhuvqVXZSZefqp9YGT,7oxczpiZ7JPMrJWrQxFcNELv6Z5NDajpNrQTgt73KNni,,,RAY,-3224.4179609999997,RepayObligationLiquidity,7oxczpiZ7JPMrJWrQxFcNELv6Z5NDajpNrQTgt73KNni,CnTkf7PAYjSG5o1wCZbxTJD3ieVgCTrZEAmwAjDn2vRz,main
1642200728,116273046,3gf1aQQ95mZvbHxeWYxPpfY5AWkS9Ln9vDBEQiSmZLFe7bJMNmEKX2pnj3bZYDqu1houVYkUS4EgN6T46rDsVtmj,GxHamnPVxsBaWdbUSjR4C5izhMv2snriGyYtjCkAVzze,SOL,172.68376197100002,,,BorrowObligationLiquidity,,GTYPhc2gpYkxw6rr2bPxiH3AofeHwRawBqmkqNyP8Goi,main
1642177893,116235814,5C51f9yvMJbcB511GLUdTC1kR6ZPhYfVyHki5hx5mpWMTzshXdGRu1wgCYRxZu1so4yH3MoA3UQND83WTXdbJDsw,31UtmYFZL2REv25LsstQVZBfbpSKpmbHgvaEMrU4FZbT,,,USDT,-5000.000574,RepayObligationLiquidity,31UtmYFZL2REv25LsstQVZBfbpSKpmbHgvaEMrU4FZbT,4kNzSapMLk8avrF4GeSXBWQPcELFysbu3wx5zcDzksxP,main
1642188100,116252687,3HcYGzEjAj1hdHMYHGkLKGVJHtLrhJTMrAL2u3xC2zv3aMiZYhMjZcmxiEWswmQBWk8MwufuQgyyM5diNGWuagDK,Hk4hcg1hVvjXsKtyZMBBsmed1i919RDoCfj9KJC2Ai4R,,,stSOL,-0.98012306,DepositReserveLiquidityAndObligationCollateral,Hk4hcg1hVvjXsKtyZMBBsmed1i919RDoCfj9KJC2Ai4R,RDDj16VUBT9o5gmtzQyKQFnWveKKNWiNpcWrEs9iU8i,main
1642170141,116223579,4Z51NXinuApEWYcSAp8hjRNQGEm25F5Bp1vX9NswiXyCm6W1aec9pa4Feg2L3NVruYR7kwXv5faYyhCADJkC1EiV,5NpcpY44XeE2j8uCVaL3Vuai1CdCBjfq3izmbR3qGt8E,,,SBR,-1979.247214,DepositReserveLiquidityAndObligationCollateral,5NpcpY44XeE2j8uCVaL3Vuai1CdCBjfq3izmbR3qGt8E,Kg3eBpDHd669t34ZJnYQ7ni4U3iMtZdqMgAaPv3uYuD,main
1642186188,116249462,29zcUNCcvNkyij6X65dkN38dVcLVcXWY7ipf2o6DDu2x7rYj5hEwJ7bvhF5ByfSVTohT3a2jCfjHVoK8FjKkBYxv,2CHye9mkLRjxxFXRC7znGfzVw4LcZ8SKAQ9cJshEJHKS,stSOL,41.434106754000005,,,WithdrawObligationCollateralAndRedeemReserveCollateral,2CHye9mkLRjxxFXRC7znGfzVw4LcZ8SKAQ9cJshEJHKS,467QbPRfACYqWeCrumQGBQ39afuiee8CQUE8DQuWsyi1,main
1642158168,116203804,4Ubp2gJm3uMy2tcbBmkv3pLAynah2soEjp8BXqx6GHSvd9U6pCKnkzwkHdfuCMSn2E9L98EKQnJtVmF1pMzaSRem,E1Jz9U2ADAam2qZSWcXhuqqND5WBZKUbNHTesx4HwJp6,USDC,500.000023,,,WithdrawObligationCollateralAndRedeemReserveCollateral,E1Jz9U2ADAam2qZSWcXhuqqND5WBZKUbNHTesx4HwJp6,8Sgvmz6ZKsvAaBofPxJnMweCCExearDHUaf9dR6T6NQj,main
1642190227,116256184,2XToDQy5JsFG34WuLm7LrbzkbZ5A9Tbhrj9xxZxDvPR8ggySjy6pPFhh7VZvypwWMGx2vgpnKh4bEt3sojTqSncd,D3Xb9W1GrDLBAEbhtEPvFx2M67rBMEzpguybzYPxYj8r,,,USDC,-9.978095999999999,RepayObligationLiquidity,D3Xb9W1GrDLBAEbhtEPvFx2M67rBMEzpguybzYPxYj8r,51kG6bmtVq5nz261h1qoh2c9MQwrWxfNMpjo1WAv35c2,main
