blocktime,slot,signature,signer,token_in_name,token_in_amt,token_out_name,token_out_amt,collat_change_token_name,collat_change_amt,action,auth_acc,obligation_acc,market
1636393932,105888004,5wz1A3TiiyxN7emNmA2qoHv8ZjbryANWpoRAGJ5bPvdyrJTrkN3mK72NDSzYkv1FeAbmbZVs2oNtpy1hoNv6qA3V,9KK19KWbsZVVHZCV6io3upenFrj778pZnhobahWimbj1,,,,,,,InitObligation,,HjPNpiA8xXHxy3gGLSacGT765SWzupkRCVfkBNG29SLd,main
1636393932,105888004,5wz1A3TiiyxN7emNmA2qoHv8ZjbryANWpoRAGJ5bPvdyrJTrkN3mK72NDSzYkv1FeAbmbZVs2oNtpy1hoNv6qA3V,9KK19KWbsZVVHZCV6io3upenFrj778pZnhobahWimbj1,,,SOL,-350.63783289,cSOL,349.86970756100004,DepositReserveLiquidityAndObligationCollateral,9KK19KWbsZVVHZCV6io3upenFrj778pZnhobahWimbj1,HjPNpiA8xXHxy3gGLSacGT765SWzupkRCVfkBNG29SLd,main
1636398110,105895868,EmzGErpXgNpC1rsLNWwdbLPLavFPo5XCxA5fmFRFCYBHtUajRE2UMQ4aTJe6qhw9Ferax1813nsLLNpXmK8aGEh,9KK19KWbsZVVHZCV6io3upenFrj778pZnhobahWimbj1,BTC,0.5499999999999999,,,,,BorrowObligationLiquidity,,HjPNpiA8xXHxy3gGLSacGT765SWzupkRCVfkBNG29SLd,main
1636398422,105896471,3HDArXZ6nV9YyM7TjgGeWSvDmD9qNTwCUFg6XaVdCE8HJFcBGBqcCM1XHxcC5xXodJgdAovXABHC6ypdNCPH4Kza,9KK19KWbsZVVHZCV6io3upenFrj778pZnhobahWimbj1,soETH,3.0,,,,,BorrowObligationLiquidity,,HjPNpiA8xXHxy3gGLSacGT765SWzupkRCVfkBNG29SLd,main
1636400355,105900144,32nzGG3Xzu9SoPqfG3KcBenHQFCdcWfyzXW4b3K7wf14AjEBHvKf7eWUpFu8UEokTGLsrhUqoQHaswpa3nZxBWb8,9KK19KWbsZVVHZCV6io3upenFrj778pZnhobahWimbj1,,,BTC,-0.5499999999999999,cBTC,0.548356,DepositReserveLiquidityAndObligationCollateral,9KK19KWbsZVVHZCV6io3upenFrj778pZnhobahWimbj1,HjPNpiA8xXHxy3gGLSacGT765SWzupkRCVfkBNG29SLd,main
1636400437,105900295,2UK6cUNXZ7oQQtWnsoqAkXeCfETrPZ2MCagpUhRQN75joDszpnxVnxH7QjpUKszNSnkPm8jHzzoGko2eThPgy2gP,9KK19KWbsZVVHZCV6io3upenFrj778pZnhobahWimbj1,,,soETH,-3.0,csoETH,2.984896,DepositReserveLiquidityAndObligationCollateral,9KK19KWbsZVVHZCV6io3upenFrj778pZnhobahWimbj1,HjPNpiA8xXHxy3gGLSacGT765SWzupkRCVfkBNG29SLd,main
1636400536,105900484,5ZsTS5SNVtE6yABWBYMR9AZNZEcBntDdugQw7J7Wxm9YhwSQ2NqkBAcqWVgkCBaP2zvTKHbWN8j39GRaTswn4m2T,9KK19KWbsZVVHZCV6io3upenFrj778pZnhobahWimbj1,BTC,0.45999999999999996,,,,,BorrowObligationLiquidity,,HjPNpiA8xXHxy3gGLSacGT765SWzupkRCVfkBNG29SLd,main
1636400560,105900526,5VvN8HwVH22Uy3twDEvR7UiUah7PL2vq4gxjLQ7DLmDJjthzYBGpz1F6MYp1ftKthD7oaZEvBK4HdzKomzHTd5Ns,9KK19KWbsZVVHZCV6io3upenFrj778pZnhobahWimbj1,,,BTC,-0.45999999999999996,cBTC,0.458625,DepositReserveLiquidityAndObligationCollateral,9KK19KWbsZVVHZCV6io3upenFrj778pZnhobahWimbj1,HjPNpiA8xXHxy3gGLSacGT765SWzupkRCVfkBNG29SLd,main
1636400737,105900837,3ML7F3JvkXs5yCEK4oiaFvnJbcNDwpseKGYpLsqHjChiw8WgeuJSguoSir1zyHmn7ua5HwU96DWcxfmJhXAewVQ1,9KK19KWbsZVVHZCV6io3upenFrj778pZnhobahWimbj1,soETH,4.0,,,,,BorrowObligationLiquidity,,HjPNpiA8xXHxy3gGLSacGT765SWzupkRCVfkBNG29SLd,main
1636400782,105900916,5inbq23AbesBdDKxb6HnkN8asUYE596WfMoTNjAX9k2RWGs1di3dKHqXqcB3PqWmuxGPzAFMiWG6Hqi7YVHf7beE,9KK19KWbsZVVHZCV6io3upenFrj778pZnhobahWimbj1,,,soETH,-4.0,csoETH,3.97986,DepositReserveLiquidityAndObligationCollateral,9KK19KWbsZVVHZCV6io3upenFrj778pZnhobahWimbj1,HjPNpiA8xXHxy3gGLSacGT765SWzupkRCVfkBNG29SLd,main
1636402271,105903718,F46q6yHNh5stPrN7zxmQ5FYQ3GaTmRjzdoYYGwQXNc6YLtnqDJuTde4231PL7K3uhxNpwnxPf9JUAjwx7iqwM6B,9KK19KWbsZVVHZCV6io3upenFrj778pZnhobahWimbj1,USDT,7000.0,,,,,BorrowObligationLiquidity,,HjPNpiA8xXHxy3gGLSacGT765SWzupkRCVfkBNG29SLd,main
1636498080,106088912,5C8TWLVXnf1oPERn5VG3Kvap371LDYAphb8SPj8i1nNzjXN8AAAPgCjy2VvtsDQ31zYnqrgVR8aXfw4mHh25QkVg,9KK19KWbsZVVHZCV6io3upenFrj778pZnhobahWimbj1,,,BTC,-0.012013,,,RepayObligationLiquidity,9KK19KWbsZVVHZCV6io3upenFrj778pZnhobahWimbj1,HjPNpiA8xXHxy3gGLSacGT765SWzupkRCVfkBNG29SLd,main
1636498179,106089115,2F3Wkwbit4WNuPXHMffVQusYG51VtutoH7JXoAaRYbCzTvqPVYGgNnn22dt3cYQby9iJS2XxviHuWCYDCoqDpTUc,9KK19KWbsZVVHZCV6io3upenFrj778pZnhobahWimbj1,,,soETH,-0.038646,,,RepayObligationLiquidity,9KK19KWbsZVVHZCV6io3upenFrj778pZnhobahWimbj1,HjPNpiA8xXHxy3gGLSacGT765SWzupkRCVfkBNG29SLd,main
1636503251,106099134,3rqAqiGedZ5amJN2byExK48U1EsngqNDMpSeYK7dBwphKVqoNP1s3n3sr7SeRUGcVpPuhoHHLWk7D9PzVXE1dstm,9KK19KWbsZVVHZCV6io3upenFrj778pZnhobahWimbj1,soETH,6.980003,,,csoETH,-6.944087,WithdrawObligationCollateralAndRedeemReserveCollateral,9KK19KWbsZVVHZCV6io3upenFrj778pZnhobahWimbj1,HjPNpiA8xXHxy3gGLSacGT765SWzupkRCVfkBNG29SLd,main
1636503268,106099170,xEFr84P6UVCT2BassE5sBExhTkz5djec29tQDHTTM5q2MZSX7dDvcpYbVnBY3iWwdkZ8uvsbW8MgSoGgWbUJDzF,9KK19KWbsZVVHZCV6io3upenFrj778pZnhobahWimbj1,,,soETH,-6.969676,,,RepayObligationLiquidity,9KK19KWbsZVVHZCV6io3upenFrj778pZnhobahWimbj1,HjPNpiA8xXHxy3gGLSacGT765SWzupkRCVfkBNG29SLd,main
1636503347,106099321,5ZQA97EH64cFDGgUAFfx78UgF8LKQLMNqwWpttjqSbUNarFq5VFRcieR1zwH3Cp4vugJ9p94c48kQuPh97BdWseJ,9KK19KWbsZVVHZCV6io3upenFrj778pZnhobahWimbj1,BTC,0.5499999999999999,,,cBTC,-0.548277,WithdrawObligationCollateralAndRedeemReserveCollateral,9KK19KWbsZVVHZCV6io3upenFrj778pZnhobahWimbj1,HjPNpiA8xXHxy3gGLSacGT765SWzupkRCVfkBNG29SLd,main
1636503370,106099366,EkjkUaPkXufVFxMnN8WsKY4nfB19rJB2S9vUbawkWEtE6WTokFY1T8giA71jFXd8H9F2R7VjneTXJiVFuvvcEQF,9KK19KWbsZVVHZCV6io3upenFrj778pZnhobahWimbj1,,,BTC,-0.5499999999999999,,,RepayObligationLiquidity,9KK19KWbsZVVHZCV6io3upenFrj778pZnhobahWimbj1,HjPNpiA8xXHxy3gGLSacGT765SWzupkRCVfkBNG29SLd,main
1636503454,106099531,4DxfWcgrip8y3gtEK19uVecoKsfn6434iJjA3N2ggvp9MzEcWw5WJHwrGXNToAKSPcVLFvMfcHwPYPf8zmfNLV7s,9KK19KWbsZVVHZCV6io3upenFrj778pZnhobahWimbj1,BTC,0.460146,,,cBTC,-0.458704,WithdrawObligationCollateralAndRedeemReserveCollateral,9KK19KWbsZVVHZCV6io3upenFrj778pZnhobahWimbj1,HjPNpiA8xXHxy3gGLSacGT765SWzupkRCVfkBNG29SLd,main
1636503821,106100238,KhSk94V5CtRFW3awht8hXZDmS6VQC2g5AHJ7ikezbSeXqGjRBM67oFSAEJRfyZbwv6NrQ6qaFZbjjCpSyeSbbk9,9KK19KWbsZVVHZCV6io3upenFrj778pZnhobahWimbj1,,,BTC,-0.354446,,,RepayObligationLiquidity,9KK19KWbsZVVHZCV6io3upenFrj778pZnhobahWimbj1,HjPNpiA8xXHxy3gGLSacGT765SWzupkRCVfkBNG29SLd,main
1636504609,106101790,5QocvbdQeJeqK5jkfcUmAX4iaDJw1ARCmTTUDLXE7jfDxiKKHnascEkYzxmpu3n7bhTAbAEZXb53xMbhh5YU8prh,9KK19KWbsZVVHZCV6io3upenFrj778pZnhobahWimbj1,,,USDT,-6880.3773869999995,,,RepayObligationLiquidity,9KK19KWbsZVVHZCV6io3upenFrj778pZnhobahWimbj1,HjPNpiA8xXHxy3gGLSacGT765SWzupkRCVfkBNG29SLd,main
1636504837,106102192,5tsK9M3nDFvVVLYH6WCy8JtDCXCTLFCsH4QnnS21fQZZZwXKqa68fGHCwwpCiSJdZSNxPtaWUQktZCPhn5b1YBcS,9KK19KWbsZVVHZCV6io3upenFrj778pZnhobahWimbj1,soFTT,107.00984899999999,,,,,BorrowObligationLiquidity,,HjPNpiA8xXHxy3gGLSacGT765SWzupkRCVfkBNG29SLd,main
1636504971,106102432,2huSJE5WXe63hAFxs1BAo8MbY5tZvDaJVGy3wHZUk85mWVCUn9Gd5nCsjrB51gziXbSwJ77myJznDao8bpMiXdC2,9KK19KWbsZVVHZCV6io3upenFrj778pZnhobahWimbj1,,,USDT,-129.952195,,,RepayObligationLiquidity,9KK19KWbsZVVHZCV6io3upenFrj778pZnhobahWimbj1,HjPNpiA8xXHxy3gGLSacGT765SWzupkRCVfkBNG29SLd,main
1636505076,106102639,2d3YdHHT9hoSMrWRbVcPgGasy6g8fggz1QGkYEGXcWN57fZQ2tUi8nzXTJXJMdL1PLDqurntkC2MokgwSQoTuToq,9KK19KWbsZVVHZCV6io3upenFrj778pZnhobahWimbj1,,,USDT,-56.339954,cUSDT,55.584824999999995,DepositReserveLiquidityAndObligationCollateral,9KK19KWbsZVVHZCV6io3upenFrj778pZnhobahWimbj1,HjPNpiA8xXHxy3gGLSacGT765SWzupkRCVfkBNG29SLd,main
1636505392,106103217,59rQDiLYoT8fKHaHxJUeZUj1Lo64KtoYBKLLjPKUxGKxJmEbwCSBLowkkPftqSYkH1QhqCD84pdHUzn96Kn6qRyG,9KK19KWbsZVVHZCV6io3upenFrj778pZnhobahWimbj1,,,BTC,-0.094771,,,RepayObligationLiquidity,9KK19KWbsZVVHZCV6io3upenFrj778pZnhobahWimbj1,HjPNpiA8xXHxy3gGLSacGT765SWzupkRCVfkBNG29SLd,main
1636505865,106104144,4UNW9tVjAsHPapqtt16zGMHgCdXFvsPEv2MfiKE2GcrcCbY627FqcpRjuSEFzvnbMpmWM7iYtBKQMe4hJyojVsMt,9KK19KWbsZVVHZCV6io3upenFrj778pZnhobahWimbj1,,,BTC,-0.00010999999999999999,cBTC,0.00010999999999999999,DepositReserveLiquidityAndObligationCollateral,9KK19KWbsZVVHZCV6io3upenFrj778pZnhobahWimbj1,HjPNpiA8xXHxy3gGLSacGT765SWzupkRCVfkBNG29SLd,main
1636505898,106104213,5QRbnQ9CLZu9236mP1miarns3NafZ3MyLre8yGYF9Wsg4z2BVkAPUrVqdzk2UTauRRE6R5wVYnx6wtJF46zVmWEA,9KK19KWbsZVVHZCV6io3upenFrj778pZnhobahWimbj1,,,soETH,-0.010327,csoETH,0.010274,DepositReserveLiquidityAndObligationCollateral,9KK19KWbsZVVHZCV6io3upenFrj778pZnhobahWimbj1,HjPNpiA8xXHxy3gGLSacGT765SWzupkRCVfkBNG29SLd,main
1636506068,106104560,YCQPRX45GejhHmXCcHHDspesCBGw7x31DbezspfUcNr5CaymTNX1w2w4sQd28Z6cMpd6FNoahxmSME4uem1W616,9KK19KWbsZVVHZCV6io3upenFrj778pZnhobahWimbj1,soFTT,501.0,,,,,BorrowObligationLiquidity,,HjPNpiA8xXHxy3gGLSacGT765SWzupkRCVfkBNG29SLd,main
1636506176,106104769,yg1EFNmdGCiLbiUpprsS8Qr7qSbk2UNYNBEpjfYupGHGvkw2fCAwqoQPFBcVUmLaxL7t7mgp8JT8fqqBkxLiioY,9KK19KWbsZVVHZCV6io3upenFrj778pZnhobahWimbj1,,,BTC,-0.458676,cBTC,0.457237,DepositReserveLiquidityAndObligationCollateral,9KK19KWbsZVVHZCV6io3upenFrj778pZnhobahWimbj1,HjPNpiA8xXHxy3gGLSacGT765SWzupkRCVfkBNG29SLd,main
1636506540,106105505,46Wnqhy3dabhTvmb7eDtfyvZMGV42i8emKNqK4gnYgp77CBZ9Y2LnBoAeeuepTE5y4LXU8g723rYa1NpfCroswV1,9KK19KWbsZVVHZCV6io3upenFrj778pZnhobahWimbj1,soFTT,454.19931599999995,,,,,BorrowObligationLiquidity,,HjPNpiA8xXHxy3gGLSacGT765SWzupkRCVfkBNG29SLd,main
1636506814,106106041,5VeYKgRmBN4RYvg5ZFaBtTVXVm7uWbDNMyUfkknnrSFAPJU6AcxJtrNzfZgFLJRVPEWejTnhkQhaiDDbPzUczKro,9KK19KWbsZVVHZCV6io3upenFrj778pZnhobahWimbj1,,,soETH,-5.879167,csoETH,5.8488929999999995,DepositReserveLiquidityAndObligationCollateral,9KK19KWbsZVVHZCV6io3upenFrj778pZnhobahWimbj1,HjPNpiA8xXHxy3gGLSacGT765SWzupkRCVfkBNG29SLd,main
1636507020,106106460,5pJdxEcXW4NXXgLN74fzx6dM5upuHjLneLGhLrXG7mH847sXefSrR49YGB2G6GC5RPNgQARjMm1XD21is3EhThYr,9KK19KWbsZVVHZCV6io3upenFrj778pZnhobahWimbj1,,,USDC,-6.599999999999999e-05,cUSDC,6.5e-05,DepositReserveLiquidityAndObligationCollateral,9KK19KWbsZVVHZCV6io3upenFrj778pZnhobahWimbj1,HjPNpiA8xXHxy3gGLSacGT765SWzupkRCVfkBNG29SLd,main
1636518638,106129475,2jxEFtmQgYQhJwTVDz5sAnYRVZ5efXd1qHjpCfv3mmo4qpBQLThMeMTmQAiP396rPhkYNyijcV8gUZMz1U8nZwoR,9KK19KWbsZVVHZCV6io3upenFrj778pZnhobahWimbj1,USDC,6.599999999999999e-05,,,cUSDC,-6.5e-05,WithdrawObligationCollateralAndRedeemReserveCollateral,9KK19KWbsZVVHZCV6io3upenFrj778pZnhobahWimbj1,HjPNpiA8xXHxy3gGLSacGT765SWzupkRCVfkBNG29SLd,main
1636518951,106130105,46M7s8mUBB87w6VZ4wDQNdRFozpCLoPYbd1WT3zsiuKGVqPNpo7FDaYuLs9rwEBYNFFmB2aUMaswVAcKqJVwsCj7,9KK19KWbsZVVHZCV6io3upenFrj778pZnhobahWimbj1,soFTT,137.861583,,,,,BorrowObligationLiquidity,,HjPNpiA8xXHxy3gGLSacGT765SWzupkRCVfkBNG29SLd,main
1636519570,106131338,59akqn4h4pbqE24M1HFbDh9Ts3ufdrKyc2XgsF2tBzc76Vpifa51uHwpKUnqU4pvymzsGE5L7xKhmdcLduQ1xjvi,9KK19KWbsZVVHZCV6io3upenFrj778pZnhobahWimbj1,,,soETH,-0.493398,csoETH,0.49084999999999995,DepositReserveLiquidityAndObligationCollateral,9KK19KWbsZVVHZCV6io3upenFrj778pZnhobahWimbj1,HjPNpiA8xXHxy3gGLSacGT765SWzupkRCVfkBNG29SLd,main
1636519593,106131383,ZBCAhJXFXKcMEC9xrjA9yDMignsSnczyGCMRX9is9eH7B3ZHTGqdJ9pYFSmBDQNsbbTWk97wUVq5kyAbVS1WnRP,9KK19KWbsZVVHZCV6io3upenFrj778pZnhobahWimbj1,,,BTC,-0.064561,cBTC,0.064357,DepositReserveLiquidityAndObligationCollateral,9KK19KWbsZVVHZCV6io3upenFrj778pZnhobahWimbj1,HjPNpiA8xXHxy3gGLSacGT765SWzupkRCVfkBNG29SLd,main
1636520753,106133711,mizQXZJNHiMNvyFrTxh3Yt1Prc1RpEkV5uuwdsDYKmwkbJKwuJGCcimFAzPvfRVKBkkN7eEJYcdYK56w8eAp3c8,9KK19KWbsZVVHZCV6io3upenFrj778pZnhobahWimbj1,soFTT,50.0,,,,,BorrowObligationLiquidity,,HjPNpiA8xXHxy3gGLSacGT765SWzupkRCVfkBNG29SLd,main
1636521488,106135144,3nPrHeufc1gYud1mM9cJoDUqPRCeRvymxXFtrUYEkzu8mi1dbr58V7KbDpXGTcJkhJhUHcdijVvi7AafvDQf3DX3,9KK19KWbsZVVHZCV6io3upenFrj778pZnhobahWimbj1,,,SOL,-3.222199101,cSOL,3.214804715,DepositReserveLiquidityAndObligationCollateral,9KK19KWbsZVVHZCV6io3upenFrj778pZnhobahWimbj1,HjPNpiA8xXHxy3gGLSacGT765SWzupkRCVfkBNG29SLd,main
1636521715,106135590,51JoJd36PFMEDdkFvkESTb72c2evZSfPZ5fdkq8PZ5qyTzSd1k4gXa5fw3v9TPvzmXW7o6pC3jzP8qh7byQb4mbj,9KK19KWbsZVVHZCV6io3upenFrj778pZnhobahWimbj1,SOL,0.050000008000000006,,,cSOL,-0.049885257,WithdrawObligationCollateralAndRedeemReserveCollateral,9KK19KWbsZVVHZCV6io3upenFrj778pZnhobahWimbj1,HjPNpiA8xXHxy3gGLSacGT765SWzupkRCVfkBNG29SLd,main
1636521792,106135743,3wtPUGsz77hwTxPaDXVBGmHebmrdZc4PPQxKZkPuY7oLHNFwTBBWYRnYMauwUUzJQyxrFmxY2ptg7Mm6jbYTrWbP,9KK19KWbsZVVHZCV6io3upenFrj778pZnhobahWimbj1,,,soETH,-0.147136,csoETH,0.146376,DepositReserveLiquidityAndObligationCollateral,9KK19KWbsZVVHZCV6io3upenFrj778pZnhobahWimbj1,HjPNpiA8xXHxy3gGLSacGT765SWzupkRCVfkBNG29SLd,main
1636521889,106135932,2e3XRdaRjthB18jgTuKpp47N7NrddUpnrhvWaZ5AoScqRhtvHa9QY7qgp2Pap7bJVtFX4peYz2dp4XWGXWnA9JBx,9KK19KWbsZVVHZCV6io3upenFrj778pZnhobahWimbj1,soFTT,40.470600999999995,,,,,BorrowObligationLiquidity,,HjPNpiA8xXHxy3gGLSacGT765SWzupkRCVfkBNG29SLd,main
1636521955,106136062,51s8PKhrnFT6ZwLpHs4Nktj9i5m1dgUb8NvYzeGo4AwBqXbFz4X1bEjM6ctfXDPoEjMDrWook8Utc3pxSeVgRvPh,9KK19KWbsZVVHZCV6io3upenFrj778pZnhobahWimbj1,,,BTC,-0.03737,cBTC,0.037252,DepositReserveLiquidityAndObligationCollateral,9KK19KWbsZVVHZCV6io3upenFrj778pZnhobahWimbj1,HjPNpiA8xXHxy3gGLSacGT765SWzupkRCVfkBNG29SLd,main
1636572666,106231247,3dMwN5FjgtcmsBNAwndXZPCrhRop1oYjcckVDx9mdLuyAi3aD5K2Go2ZwYxGUeZNYkRvQfgjnuqGih4ugC6QS8wQ,9KK19KWbsZVVHZCV6io3upenFrj778pZnhobahWimbj1,soFTT,41.418113999999996,,,,,BorrowObligationLiquidity,,HjPNpiA8xXHxy3gGLSacGT765SWzupkRCVfkBNG29SLd,main
1636572850,106231569,3sWy4mJf3LR3TCqYq3b9bPXuYoxWgfbDyQBo72u9NT9jPg4Zx649LnsYzF6sxmXsU1tAb6WJaVERPsKxc7s7LtB1,9KK19KWbsZVVHZCV6io3upenFrj778pZnhobahWimbj1,,,BTC,-0.038206,cBTC,0.038083,DepositReserveLiquidityAndObligationCollateral,9KK19KWbsZVVHZCV6io3upenFrj778pZnhobahWimbj1,HjPNpiA8xXHxy3gGLSacGT765SWzupkRCVfkBNG29SLd,main
1636573799,106233227,gjh14gFZBkdrqLX5pzfcu5FAypt7UpWzwqZL3c76jnnCQ5d2jadmVy2ekGYiatUDXr1vZggT5W6o6kuEycKDTJc,9KK19KWbsZVVHZCV6io3upenFrj778pZnhobahWimbj1,soFTT,40.358765,,,,,BorrowObligationLiquidity,,HjPNpiA8xXHxy3gGLSacGT765SWzupkRCVfkBNG29SLd,main
1636590742,106263028,4v62SPz9F4eVsxPsNx4gL1XuqkrpksbWTsV11SGoSx6LSuvAbPggtSM7QnhSEU6wNoi3d8WUXZqeWpg4k9PLgQFK,9KK19KWbsZVVHZCV6io3upenFrj778pZnhobahWimbj1,soFTT,59.703019999999995,,,,,BorrowObligationLiquidity,,HjPNpiA8xXHxy3gGLSacGT765SWzupkRCVfkBNG29SLd,main
1636594849,106270980,64Ha4yq7x11Q98PA33L5yWhgLmFX4NbWCPLiQMPXA6rDJXUZb96tg3ZHj8keimNnci8iWyFukkMa9XVnxvLumWF8,9KK19KWbsZVVHZCV6io3upenFrj778pZnhobahWimbj1,SOL,0.050000005,,,cSOL,-0.049882340000000004,WithdrawObligationCollateralAndRedeemReserveCollateral,9KK19KWbsZVVHZCV6io3upenFrj778pZnhobahWimbj1,HjPNpiA8xXHxy3gGLSacGT765SWzupkRCVfkBNG29SLd,main
1636594892,106271061,4b2t2aSMjgHcmAUgRN2EpPix8hQov48FcJApLhW19yioqucP7zzc44rGJckQA1a55kXZeMaJ3SdsxPM4pxGXheEW,9KK19KWbsZVVHZCV6io3upenFrj778pZnhobahWimbj1,soFTT,56.651384,,,,,BorrowObligationLiquidity,,HjPNpiA8xXHxy3gGLSacGT765SWzupkRCVfkBNG29SLd,main
1636595055,106271372,352SgHjr7jLeZypS8gzgCSL7wVRrH4gfL5fcsQHNVuYmfvSTV7YKXybG7Pwtmw31TR1WYFqM8euCou6yJUzx1ZKh,9KK19KWbsZVVHZCV6io3upenFrj778pZnhobahWimbj1,,,BTC,-0.051223,cBTC,0.051056,DepositReserveLiquidityAndObligationCollateral,9KK19KWbsZVVHZCV6io3upenFrj778pZnhobahWimbj1,HjPNpiA8xXHxy3gGLSacGT765SWzupkRCVfkBNG29SLd,main
1636604593,106289830,g8Lj6cCHT6WZgjPprPhXL2xUJu5LsTfkYDHUgxYpkLsTErAge8AgxTvb5ksZY5uBmDFWT3mNT4rUcaNa4MSf9Cd,9KK19KWbsZVVHZCV6io3upenFrj778pZnhobahWimbj1,soFTT,118.05490499999999,,,,,BorrowObligationLiquidity,,HjPNpiA8xXHxy3gGLSacGT765SWzupkRCVfkBNG29SLd,main
1636604788,106290223,2kuuMAtgVbWQzBgdtumWBctf7bzCPsMLYN91j7DPmcE3FthvYJvEqFrQchixUVAQUZpyPhVaTC5oFpH6JtBTgWk1,9KK19KWbsZVVHZCV6io3upenFrj778pZnhobahWimbj1,,,BTC,-0.10782499999999999,cBTC,0.107473,DepositReserveLiquidityAndObligationCollateral,9KK19KWbsZVVHZCV6io3upenFrj778pZnhobahWimbj1,HjPNpiA8xXHxy3gGLSacGT765SWzupkRCVfkBNG29SLd,main
1636605313,106291304,4AeSAC8YjXYSXvcrbbyHsuSpNhqAEWtsP4SLWMWYNsJCd2m5Jq1tmHmyku83mc9eQjeHvy7jx5fTybafWYbiv6P8,9KK19KWbsZVVHZCV6io3upenFrj778pZnhobahWimbj1,soFTT,111.470146,,,,,BorrowObligationLiquidity,,HjPNpiA8xXHxy3gGLSacGT765SWzupkRCVfkBNG29SLd,main
1636605391,106291456,4gyJGnuGYsoPXFiQbENnw1qDHDnQYf43t4WssFbnNKsmvC42jTJENpkqsJ11UXwY6rWvD4RikrJ7P7Jxdjnb86aA,9KK19KWbsZVVHZCV6io3upenFrj778pZnhobahWimbj1,,,BTC,-0.10179099999999999,cBTC,0.10145799999999999,DepositReserveLiquidityAndObligationCollateral,9KK19KWbsZVVHZCV6io3upenFrj778pZnhobahWimbj1,HjPNpiA8xXHxy3gGLSacGT765SWzupkRCVfkBNG29SLd,main
1636606582,106293837,tHXhcdxBHYwbqgfb8auugNhFa4j6jrG2B3bn86C6ZiNUfiNJ8YmZmvGNH7dKLGAVKf44WViConLSqE1epx5S2KA,9KK19KWbsZVVHZCV6io3upenFrj778pZnhobahWimbj1,soFTT,110.60251,,,,,BorrowObligationLiquidity,,HjPNpiA8xXHxy3gGLSacGT765SWzupkRCVfkBNG29SLd,main
1636606658,106293988,DFDubQPgbA383zCbnghJ35Tvbfy8jGqiwqLgVVoRhQmqwvA9Vg5BYtE1HAoW9Re2A2SqdJT9jbdXp63HMZyhs6Q,9KK19KWbsZVVHZCV6io3upenFrj778pZnhobahWimbj1,,,BTC,-0.100701,cBTC,0.10037199999999999,DepositReserveLiquidityAndObligationCollateral,9KK19KWbsZVVHZCV6io3upenFrj778pZnhobahWimbj1,HjPNpiA8xXHxy3gGLSacGT765SWzupkRCVfkBNG29SLd,main
1636645545,106368683,LLTFczTfdB2nuzV7DpXNmpt4uxMLzTvqUHxUR7qrWsNLmUthzBiJHTBoCsQexzHjUoYvdBgsHdoeW8Swg7oh4zL,9KK19KWbsZVVHZCV6io3upenFrj778pZnhobahWimbj1,,,SOL,-3.5155463410000003,cSOL,3.5071241470000003,DepositReserveLiquidityAndObligationCollateral,9KK19KWbsZVVHZCV6io3upenFrj778pZnhobahWimbj1,HjPNpiA8xXHxy3gGLSacGT765SWzupkRCVfkBNG29SLd,main
1636646522,106370497,3ERUGoyM3z3N56QQDuxqLtuaAAcCf4v9B9pFJfwovQpikae1gvdrd9TLT8wnXqr91FZySQHV2trwDBd89Ly6ShR1,9KK19KWbsZVVHZCV6io3upenFrj778pZnhobahWimbj1,,,SOL,-3.468266668,cSOL,3.459954976,DepositReserveLiquidityAndObligationCollateral,9KK19KWbsZVVHZCV6io3upenFrj778pZnhobahWimbj1,HjPNpiA8xXHxy3gGLSacGT765SWzupkRCVfkBNG29SLd,main
1636646618,106370680,2igkFb3rm8N1cNKHff5XAXJr5xLbBFgkk9KypESrLpzTVD7wVBsFofYFxQUMj6ciyAVLnRSXJQWDA6FsaWA6Naig,9KK19KWbsZVVHZCV6io3upenFrj778pZnhobahWimbj1,soFTT,41.706224,,,,,BorrowObligationLiquidity,,HjPNpiA8xXHxy3gGLSacGT765SWzupkRCVfkBNG29SLd,main
1636646717,106370864,2ydAGQ62YTy5ZHWzLqEQfPg3wZejd9FNQ1zPLfNPeRA31F2pj3SW5ZTcXTvMShVhDDHizDNgBpSAThs1oz92ZFWr,9KK19KWbsZVVHZCV6io3upenFrj778pZnhobahWimbj1,,,SOL,-10.320957616000001,cSOL,10.296221795000001,DepositReserveLiquidityAndObligationCollateral,9KK19KWbsZVVHZCV6io3upenFrj778pZnhobahWimbj1,HjPNpiA8xXHxy3gGLSacGT765SWzupkRCVfkBNG29SLd,main
1636675759,106426038,333D3jT2uUTx2koAak9qdp8b5CG1irLXfnbo94xbf4zKc5Z6KhVbb25kYxHMCbXcXQBp9TnyfWhF5px4TnuHoGTU,9KK19KWbsZVVHZCV6io3upenFrj778pZnhobahWimbj1,soFTT,33.67237,,,,,BorrowObligationLiquidity,,HjPNpiA8xXHxy3gGLSacGT765SWzupkRCVfkBNG29SLd,main
1636676017,106426528,58AypTWorG68eyYVV55A98Vd55CTuwtGK95jQA1dFCvCpe3tJ5Z7gYAZKxtaE8Z3sTS4dBT8Y5DQYSfyuHLzZX77,9KK19KWbsZVVHZCV6io3upenFrj778pZnhobahWimbj1,,,soETH,-0.21035199999999998,csoETH,0.209232,DepositReserveLiquidityAndObligationCollateral,9KK19KWbsZVVHZCV6io3upenFrj778pZnhobahWimbj1,HjPNpiA8xXHxy3gGLSacGT765SWzupkRCVfkBNG29SLd,main
1636735730,106535210,UgtVMXZND2jbVAqqwqZTEdRAUjMYMXmt1i4kT7VnfqpizDEjr6K9xxm11Tw6PBpEVWpDmkacf85QuXkCkecNZta,9KK19KWbsZVVHZCV6io3upenFrj778pZnhobahWimbj1,soFTT,117.086766,,,,,BorrowObligationLiquidity,,HjPNpiA8xXHxy3gGLSacGT765SWzupkRCVfkBNG29SLd,main
1636735809,106535343,5SqbhdnVPWnxGbFwWC7ugiei1R56cHWTmM1uXw6R1TFXpsKtvVx3mG17mKvwpYModdceJx8jrXXmycV6tGHe4mkF,9KK19KWbsZVVHZCV6io3upenFrj778pZnhobahWimbj1,,,USDC,-6577.553687,cUSDC,6462.739334,DepositReserveLiquidityAndObligationCollateral,9KK19KWbsZVVHZCV6io3upenFrj778pZnhobahWimbj1,HjPNpiA8xXHxy3gGLSacGT765SWzupkRCVfkBNG29SLd,main
1636735926,106535543,3GLm3oCwQnVcK4b6PYqR5vBVdB9oZYCf62jUVWtzdkwRYLd7ELQsA4ShpyHTRzaCU5APe9BGEeoyr3odjf27dmMq,9KK19KWbsZVVHZCV6io3upenFrj778pZnhobahWimbj1,soFTT,88.11049,,,,,BorrowObligationLiquidity,,HjPNpiA8xXHxy3gGLSacGT765SWzupkRCVfkBNG29SLd,main
1636735981,106535637,tortw4BJXQpntBHJGhUjZVWx6W92wNMuZCRVeVBi2gh33X73HXAUHUqvCJiHc7nfv3qau3vGTWb4VmZjr7SXaEm,9KK19KWbsZVVHZCV6io3upenFrj778pZnhobahWimbj1,,,USDC,-4984.660134,cUSDC,4897.647859,DepositReserveLiquidityAndObligationCollateral,9KK19KWbsZVVHZCV6io3upenFrj778pZnhobahWimbj1,HjPNpiA8xXHxy3gGLSacGT765SWzupkRCVfkBNG29SLd,main
1636829675,106713595,j1MS1vS1rS7cgC91CJGzn2mWfCuV4dQCdTB7ArP6pRATqBKcWABYy2wN3Hqn384vQUMH1nvhEgerjcJ6MGQdGJU,9KK19KWbsZVVHZCV6io3upenFrj778pZnhobahWimbj1,soFTT,91.422767,,,,,BorrowObligationLiquidity,,HjPNpiA8xXHxy3gGLSacGT765SWzupkRCVfkBNG29SLd,main
1636829872,106713959,2yfGoxrCU6P5WxKqZ5Y519zrhkQSxBNGnsDrR8r4G1JsqHcVAG4K49fYYCxC2KYt6dEGQ87Lf4B5qJ9Jgq2gdFNX,9KK19KWbsZVVHZCV6io3upenFrj778pZnhobahWimbj1,,,SOL,-10.4,cSOL,10.373658629000001,DepositReserveLiquidityAndObligationCollateral,9KK19KWbsZVVHZCV6io3upenFrj778pZnhobahWimbj1,HjPNpiA8xXHxy3gGLSacGT765SWzupkRCVfkBNG29SLd,main
1636830803,106715767,66fPXsKjZ7bWojEU6bezvwzKYAMg1AxCw5Vh5FVtSqxSQV42HbUH9WpBwT5p3bUik1H6FJ3U1ayUS1KEPSnvkqNP,9KK19KWbsZVVHZCV6io3upenFrj778pZnhobahWimbj1,soFTT,87.891277,,,,,BorrowObligationLiquidity,,HjPNpiA8xXHxy3gGLSacGT765SWzupkRCVfkBNG29SLd,main
1636830963,106716073,4AsRtnRAFEaYFvoQUbGtuBVDaTPhoVgE3v61HCi58XLgfoKBnEXrbrUPARzL3tPFuiyEWKJsaZxfuVzkxrChnsuL,9KK19KWbsZVVHZCV6io3upenFrj778pZnhobahWimbj1,,,SOL,-20.61937164,cSOL,20.567133048000002,DepositReserveLiquidityAndObligationCollateral,9KK19KWbsZVVHZCV6io3upenFrj778pZnhobahWimbj1,HjPNpiA8xXHxy3gGLSacGT765SWzupkRCVfkBNG29SLd,main
1636832000,106718036,QyQYqD45jL9LhXyg29bCMAWSooWVrCTXqZmXNUSLem9TLPEtEyLdwfF8myAyfLPK6mvwoav5EKaHpDKJs7wN3LF,9KK19KWbsZVVHZCV6io3upenFrj778pZnhobahWimbj1,soFTT,45.44083,,,,,BorrowObligationLiquidity,,HjPNpiA8xXHxy3gGLSacGT765SWzupkRCVfkBNG29SLd,main
1636833025,106720009,5M1MReKNRGWz1EzGjnogKSV4xY92g9Lr2E1BXUKStkgvHiZ5b69jYVoXPf9h4BAbPtvYXVhDPVomcsRem4DwfK7,9KK19KWbsZVVHZCV6io3upenFrj778pZnhobahWimbj1,USDT,56.407311,,,cUSDT,-55.584824999999995,WithdrawObligationCollateralAndRedeemReserveCollateral,9KK19KWbsZVVHZCV6io3upenFrj778pZnhobahWimbj1,HjPNpiA8xXHxy3gGLSacGT765SWzupkRCVfkBNG29SLd,main
1636833059,106720072,5cxbntiriYbCGCMdf7zPYvfS6NFpxyup918658zzYQhqR5tAcAbeoAsRfzfmsDwh7ZV9XTFXsrGW7ksQLZRu65JJ,9KK19KWbsZVVHZCV6io3upenFrj778pZnhobahWimbj1,,,RAY,-219.85053499999998,cRAY,209.68263,DepositReserveLiquidityAndObligationCollateral,9KK19KWbsZVVHZCV6io3upenFrj778pZnhobahWimbj1,HjPNpiA8xXHxy3gGLSacGT765SWzupkRCVfkBNG29SLd,main
1636869232,106791221,PCxRM6KvBVyxTdQrnwRu7rMdZaqs48LYzNSMjxU8XAU7RnMpNFTCCYsU3rfLU5jYYVkJmQJvGmHrHGPTf91U5HZ,9KK19KWbsZVVHZCV6io3upenFrj778pZnhobahWimbj1,USDC,11567.855493,,,cUSDC,-11360.387192999999,WithdrawObligationCollateralAndRedeemReserveCollateral,9KK19KWbsZVVHZCV6io3upenFrj778pZnhobahWimbj1,HjPNpiA8xXHxy3gGLSacGT765SWzupkRCVfkBNG29SLd,main
1636869284,106791329,QcuykF93FxmxZXnnV1hR449eXLcJge2sZwi2dprBXnSQUkfz8xyv4jZL87CbvtSiVMUcoKcaGyUS7oKHsCMRikm,9KK19KWbsZVVHZCV6io3upenFrj778pZnhobahWimbj1,,,RAY,-1017.134727,cRAY,969.58525,DepositReserveLiquidityAndObligationCollateral,9KK19KWbsZVVHZCV6io3upenFrj778pZnhobahWimbj1,HjPNpiA8xXHxy3gGLSacGT765SWzupkRCVfkBNG29SLd,main
1636910696,106872656,5ZNgRCFgjwX3aFJaF1NBVfJsQvoXtwfexkytU3eaL9sFVyoFa1nz4BEXdY3pPCn8ExZZq2cESYFvB53MPD2ZFuq9,9KK19KWbsZVVHZCV6io3upenFrj778pZnhobahWimbj1,soFTT,40.051786,,,,,BorrowObligationLiquidity,,HjPNpiA8xXHxy3gGLSacGT765SWzupkRCVfkBNG29SLd,main
1636910787,106872822,3Cyjn9tQYNepuhGKN66SqG3gxXmWJTyzWwh5BvhVqqqJS1V8Q2rWhk6957aQkDEEbMNKY5w1uA8cfERysuk1TDBV,9KK19KWbsZVVHZCV6io3upenFrj778pZnhobahWimbj1,soFTT,4.541367,,,,,BorrowObligationLiquidity,,HjPNpiA8xXHxy3gGLSacGT765SWzupkRCVfkBNG29SLd,main
1636911035,106873304,3MTiPTebJaMF3Vcj57uHYQ9Cdri1xvPUfYbJvsb668BkUMyuNFVYwSYvhYswtJdfvpoM4UG14wQECEYSLgNyX1sk,9KK19KWbsZVVHZCV6io3upenFrj778pZnhobahWimbj1,,,RAY,-220.89999999999998,cRAY,210.392921,DepositReserveLiquidityAndObligationCollateral,9KK19KWbsZVVHZCV6io3upenFrj778pZnhobahWimbj1,HjPNpiA8xXHxy3gGLSacGT765SWzupkRCVfkBNG29SLd,main
1636939911,106928850,4qB4KmjHs2qcxj2YGuWrE43TbuzSwdQzx4UD8it8vVnaWrFNFcBt4N4NGMNNfQjs3dpS553aWexB7cL5o5PbosgK,9KK19KWbsZVVHZCV6io3upenFrj778pZnhobahWimbj1,,,USDC,-13.169025,cUSDC,12.929523,DepositReserveLiquidityAndObligationCollateral,9KK19KWbsZVVHZCV6io3upenFrj778pZnhobahWimbj1,HjPNpiA8xXHxy3gGLSacGT765SWzupkRCVfkBNG29SLd,main
1637027834,107095400,3gMBNYNFdYZS8tqpJLe2SN2WDSzSUTifB3cmrsJxM2wVPKyeKLhxu1GcaJZ2adym5CTafU6XJFg4LCTzFXFa5aZs,9KK19KWbsZVVHZCV6io3upenFrj778pZnhobahWimbj1,soFTT,23.62548,,,,,BorrowObligationLiquidity,,HjPNpiA8xXHxy3gGLSacGT765SWzupkRCVfkBNG29SLd,main
1637028150,107095992,5EEybcFDenE3gKRJAn9HQbdi7n3zVKqFbtDBhRKhF9jPXFQ7YwwFS4KvRQLBeYjX6Wzjx6xXQw6bDDzVjLRAnQ37,9KK19KWbsZVVHZCV6io3upenFrj778pZnhobahWimbj1,,,RAY,-115.69689799999999,cRAY,110.013515,DepositReserveLiquidityAndObligationCollateral,9KK19KWbsZVVHZCV6io3upenFrj778pZnhobahWimbj1,HjPNpiA8xXHxy3gGLSacGT765SWzupkRCVfkBNG29SLd,main
1637028629,107096889,5TEDGxDZDRYspCPQieSyNjHnY3DZpFYnoY1VNnkEqzkveKvSLGy6zq95wWSsFBut94C6cawqNgx4iSJ7MWLMLnFm,9KK19KWbsZVVHZCV6io3upenFrj778pZnhobahWimbj1,soFTT,24.249672,,,,,BorrowObligationLiquidity,,HjPNpiA8xXHxy3gGLSacGT765SWzupkRCVfkBNG29SLd,main
1637028693,107097014,3yP5a6BC4fQF2a3gTJ53RVXj2iAtwc5GvPdCnvV2RqqN4iXGskCy8W6CbC6VMVaxwNjLpZwzDS3YwzG8wso3G2mn,9KK19KWbsZVVHZCV6io3upenFrj778pZnhobahWimbj1,,,RAY,-118.515186,cRAY,112.69246,DepositReserveLiquidityAndObligationCollateral,9KK19KWbsZVVHZCV6io3upenFrj778pZnhobahWimbj1,HjPNpiA8xXHxy3gGLSacGT765SWzupkRCVfkBNG29SLd,main
1637028757,107097139,4vGUh3QPvmhqmKN5vu76UzCWb2Ez6RoqvG6jyBQXA4Kimxx5iogmTDw5tJv4jzTm2wZvvvXTXV3XvMSNeAueR5cv,9KK19KWbsZVVHZCV6io3upenFrj778pZnhobahWimbj1,soFTT,56.791793999999996,,,,,BorrowObligationLiquidity,,HjPNpiA8xXHxy3gGLSacGT765SWzupkRCVfkBNG29SLd,main
1637028802,107097225,4Lw5tPbthFxhE16doSxjaEQUt13Q6hB5ndqwghrfgNvwvB4SHsdF9vtncxvvXFzUCRWMw9oRwggjBgNHW1CqyB3B,9KK19KWbsZVVHZCV6io3upenFrj778pZnhobahWimbj1,,,RAY,-277.61344099999997,cRAY,263.97380599999997,DepositReserveLiquidityAndObligationCollateral,9KK19KWbsZVVHZCV6io3upenFrj778pZnhobahWimbj1,HjPNpiA8xXHxy3gGLSacGT765SWzupkRCVfkBNG29SLd,main
1637028840,107097298,5PGMYD4pKNqun6gKhFCr7ad5dxr7gFS7vVN2MAc1crfwn5nhvnpkmXHupucfUVQvF3Vv4HAWeCg7RFb18vH16hgD,9KK19KWbsZVVHZCV6io3upenFrj778pZnhobahWimbj1,soFTT,8.51727,,,,,BorrowObligationLiquidity,,HjPNpiA8xXHxy3gGLSacGT765SWzupkRCVfkBNG29SLd,main
1637028871,107097359,xcHuQdR9coXkg6EpErfYGtpgVukpmdMDYH44SL2uP614QNEkxF6XKabLct3Yxv5jdA4PSq46ZtDD6ah2MHUsxQQ,9KK19KWbsZVVHZCV6io3upenFrj778pZnhobahWimbj1,,,RAY,-41.609685999999996,cRAY,39.5653,DepositReserveLiquidityAndObligationCollateral,9KK19KWbsZVVHZCV6io3upenFrj778pZnhobahWimbj1,HjPNpiA8xXHxy3gGLSacGT765SWzupkRCVfkBNG29SLd,main
1637075526,107183770,yrSE5qFWA58newWVH885kk9xW5r2w4vieeDAHjgGfVxn3gE1VHfKZPJ3CVk2sSnHJSSgh1py7wtdkDfLihEcQSX,9KK19KWbsZVVHZCV6io3upenFrj778pZnhobahWimbj1,soFTT,23.733252999999998,,,,,BorrowObligationLiquidity,,HjPNpiA8xXHxy3gGLSacGT765SWzupkRCVfkBNG29SLd,main
1637075644,107183989,41xhdgmCqQET1nEPsa7Ypup66JQaTV23APF81aoo6r39Bhg8MwhBBUyugbAGxjq5QfshqmMP6XRsLJcf7Go5xzWZ,9KK19KWbsZVVHZCV6io3upenFrj778pZnhobahWimbj1,,,RAY,-119.32050799999999,cRAY,113.360783,DepositReserveLiquidityAndObligationCollateral,9KK19KWbsZVVHZCV6io3upenFrj778pZnhobahWimbj1,HjPNpiA8xXHxy3gGLSacGT765SWzupkRCVfkBNG29SLd,main
1637077151,107186732,5NUxYibezCdrTXw6oNZG6vLxfe3rBGofYh7S9wDU9CxAqaQRgPgdcc2dc5NbLgM2DUuVw6TMSpez1rHPeVovayLd,9KK19KWbsZVVHZCV6io3upenFrj778pZnhobahWimbj1,soFTT,50.732130999999995,,,,,BorrowObligationLiquidity,,HjPNpiA8xXHxy3gGLSacGT765SWzupkRCVfkBNG29SLd,main
1637077475,107187339,5y4PE6p2ExhpTm66GtSpX9hC1g2QuuzUzqwstcDLLvBYsv1HCYpcis1zhbPqbnPvRnzXLJdf1FEkj2Y64MdYiW8A,9KK19KWbsZVVHZCV6io3upenFrj778pZnhobahWimbj1,,,RAY,-254.48066999999998,cRAY,241.75945,DepositReserveLiquidityAndObligationCollateral,9KK19KWbsZVVHZCV6io3upenFrj778pZnhobahWimbj1,HjPNpiA8xXHxy3gGLSacGT765SWzupkRCVfkBNG29SLd,main
1637077513,107187409,42qCEQfV2nkCZQCinryjdbePucM2o3aK1ef8u5AYgy64PvUCSL5rrbLYN1HSuuVLva3d3bkTwpRHZSqQPhykd1SD,9KK19KWbsZVVHZCV6io3upenFrj778pZnhobahWimbj1,soFTT,41.763163999999996,,,,,BorrowObligationLiquidity,,HjPNpiA8xXHxy3gGLSacGT765SWzupkRCVfkBNG29SLd,main
1637077577,107187532,21SygEUiywdYTx753iFC8riyfTXqccJZaqdg7wLjMbFsNs5kGjTR6Bkyz5vz9qJHPKJLNzPPjaeQYGuic3ZGQXUb,9KK19KWbsZVVHZCV6io3upenFrj778pZnhobahWimbj1,,,RAY,-209.409279,cRAY,198.940531,DepositReserveLiquidityAndObligationCollateral,9KK19KWbsZVVHZCV6io3upenFrj778pZnhobahWimbj1,HjPNpiA8xXHxy3gGLSacGT765SWzupkRCVfkBNG29SLd,main
1637081390,107194567,5XdMJaiVzqb1nxj3QnaN7apANMhoHjjKggbo5E2sc2fEAgym54xGJpSEj4ouUW3dY99dmBkzhxAj39mnUAVwr1bH,9KK19KWbsZVVHZCV6io3upenFrj778pZnhobahWimbj1,soFTT,57.244808,,,,,BorrowObligationLiquidity,,HjPNpiA8xXHxy3gGLSacGT765SWzupkRCVfkBNG29SLd,main
1637081498,107194754,5a9LDCtRSFUp4PqJJ9AZQzAks9UvbZtkQcoHu2HL7ETG3dxCiybaxh73kHP2kkYQ9zuUKMH3QE7UKGNp7SURyD5Q,9KK19KWbsZVVHZCV6io3upenFrj778pZnhobahWimbj1,,,RAY,-286.163495,cRAY,271.825767,DepositReserveLiquidityAndObligationCollateral,9KK19KWbsZVVHZCV6io3upenFrj778pZnhobahWimbj1,HjPNpiA8xXHxy3gGLSacGT765SWzupkRCVfkBNG29SLd,main
1637093012,107216427,4p5Mg9pyBPnSPe5E5S5avvAKAuc3GHUYqnFAhbgotn4RQA2CkcE3GM9RREViVZXNvoKPYcawXNVNrhGXRdZenUpx,9KK19KWbsZVVHZCV6io3upenFrj778pZnhobahWimbj1,soFTT,117.083451,,,,,BorrowObligationLiquidity,,HjPNpiA8xXHxy3gGLSacGT765SWzupkRCVfkBNG29SLd,main
1637093247,107216853,3EAKziDkRxKaiLz5B34Sai6Dv8Be6vDcA1sWZ7W2SZFGA2LkmRkTygUEkFm1F49WpFhcXVjT6xts4T7fZ6fXEhGS,9KK19KWbsZVVHZCV6io3upenFrj778pZnhobahWimbj1,,,RAY,-73.899914,cRAY,70.167278,DepositReserveLiquidityAndObligationCollateral,9KK19KWbsZVVHZCV6io3upenFrj778pZnhobahWimbj1,HjPNpiA8xXHxy3gGLSacGT765SWzupkRCVfkBNG29SLd,main
1637093262,107216877,59kzjJSS43dj4JaXKVggztrYMhgEhY8HsxnvLHuWUDuCSYZTgAPqkwghQMtY6BV8B5WGdXrNYhhyWygdEdniz24U,9KK19KWbsZVVHZCV6io3upenFrj778pZnhobahWimbj1,,,BTC,-0.068174,cBTC,0.067909,DepositReserveLiquidityAndObligationCollateral,9KK19KWbsZVVHZCV6io3upenFrj778pZnhobahWimbj1,HjPNpiA8xXHxy3gGLSacGT765SWzupkRCVfkBNG29SLd,main
1637096640,107222905,4XkxF6fkcry43hPbPSNZxRZVeg1mDdWK4Ni96tazmBHXN8LqjFM2N4U31TXbeULM2AiHxAwWFFdfVkKjpqCB3BBK,9KK19KWbsZVVHZCV6io3upenFrj778pZnhobahWimbj1,soFTT,121.160257,,,,,BorrowObligationLiquidity,,HjPNpiA8xXHxy3gGLSacGT765SWzupkRCVfkBNG29SLd,main
1637096925,107223376,5XPSL2zoYJdCVwmXjVd5aQ821b1TmGtdjux6tmvRx5vqbYbKmp5n7VL58A1aFCuUgRPs2GowatcEbfLYVoErbMdL,9KK19KWbsZVVHZCV6io3upenFrj778pZnhobahWimbj1,,,soETH,-0.264307,csoETH,0.26278599999999996,DepositReserveLiquidityAndObligationCollateral,9KK19KWbsZVVHZCV6io3upenFrj778pZnhobahWimbj1,HjPNpiA8xXHxy3gGLSacGT765SWzupkRCVfkBNG29SLd,main
1637096947,107223407,2z1ijMJkxsTy7FAUJvK4WxwWEieYKkjJgcJqouoDUYXQ3jFuxRDnjGN5o8DdKDpnkrWzKAUVmrNJg18CWtdPwi4E,9KK19KWbsZVVHZCV6io3upenFrj778pZnhobahWimbj1,,,BTC,-0.10159699999999999,cBTC,0.101202,DepositReserveLiquidityAndObligationCollateral,9KK19KWbsZVVHZCV6io3upenFrj778pZnhobahWimbj1,HjPNpiA8xXHxy3gGLSacGT765SWzupkRCVfkBNG29SLd,main
1637097148,107223761,4v76FwHPN5qGsJi4JY4fvvk14a9PhHwRrPbDtUHKCaDrrJP5s1pNFBD6trJ8mUyt2Z8ayQgAp5VKozvWTRuRxabS,9KK19KWbsZVVHZCV6io3upenFrj778pZnhobahWimbj1,,,RAY,-5.445122,cRAY,5.169245999999999,DepositReserveLiquidityAndObligationCollateral,9KK19KWbsZVVHZCV6io3upenFrj778pZnhobahWimbj1,HjPNpiA8xXHxy3gGLSacGT765SWzupkRCVfkBNG29SLd,main
1637110558,107249201,55A3EV9yETv4Dq1LMjusPHCYoFbK2dzwjTeRFF3RTRzFS8xsdvomFS31AhAGdPumjBkF88dzrDQQtu1aQYdv2aAg,9KK19KWbsZVVHZCV6io3upenFrj778pZnhobahWimbj1,soFTT,20.333828999999998,,,,,BorrowObligationLiquidity,,HjPNpiA8xXHxy3gGLSacGT765SWzupkRCVfkBNG29SLd,main
1637110755,107249585,3oq9gXp2i5gCnhhgJAkKeNRJtrsbKJz1PUEQFogKFLdg1Bf33NxJbzVnWQb8Uz77qYv96C66zEBFiste2EoSCwtV,9KK19KWbsZVVHZCV6io3upenFrj778pZnhobahWimbj1,,,RAY,-99.005271,cRAY,93.941175,DepositReserveLiquidityAndObligationCollateral,9KK19KWbsZVVHZCV6io3upenFrj778pZnhobahWimbj1,HjPNpiA8xXHxy3gGLSacGT765SWzupkRCVfkBNG29SLd,main
1637187196,107393117,3X27QuVmJwRM9nTHB9pavpe1roJ6YLQoeaqcYJUj7TvXfCDT41T7ZEuUaCPvdvaSRTJRw9qMRetkR6hHYPvEPChF,9KK19KWbsZVVHZCV6io3upenFrj778pZnhobahWimbj1,soFTT,7.984031,,,,,BorrowObligationLiquidity,,HjPNpiA8xXHxy3gGLSacGT765SWzupkRCVfkBNG29SLd,main
1637189792,107398305,3VKS3nTTkqMKgP5gZKy9qVr7ysJ34zLEzJPCy99sb7uTG6c87kiru3tNgkZqjNN8tnsLmVkdC24WnvdkajSQdUj4,9KK19KWbsZVVHZCV6io3upenFrj778pZnhobahWimbj1,,,SOL,-1.0,cSOL,0.9972529590000001,DepositReserveLiquidityAndObligationCollateral,9KK19KWbsZVVHZCV6io3upenFrj778pZnhobahWimbj1,HjPNpiA8xXHxy3gGLSacGT765SWzupkRCVfkBNG29SLd,main
1637191652,107401999,2jFNWuXZgfPrMpKhbC85SnJDofE5ugimN7MqrFRqXkFM4JfMCRSDQZQ8i9f49e82W6inrcHCRBkUM9jJbGR514eu,9KK19KWbsZVVHZCV6io3upenFrj778pZnhobahWimbj1,,,USDC,-0.192831,cUSDC,0.189136,DepositReserveLiquidityAndObligationCollateral,9KK19KWbsZVVHZCV6io3upenFrj778pZnhobahWimbj1,HjPNpiA8xXHxy3gGLSacGT765SWzupkRCVfkBNG29SLd,main
1637258148,107525119,F6nN5WFZYXaWe81XmciBRPFU5p9cMA9xhXw7vhiwneU35uS9LCDiqECWyE2GSfeNPpjfxicZeRYvbGfvWFbMFrr,9KK19KWbsZVVHZCV6io3upenFrj778pZnhobahWimbj1,,,RAY,-165.471522,cRAY,156.260703,DepositReserveLiquidityAndObligationCollateral,9KK19KWbsZVVHZCV6io3upenFrj778pZnhobahWimbj1,HjPNpiA8xXHxy3gGLSacGT765SWzupkRCVfkBNG29SLd,main
1637941833,108813018,61DWn6Thpkw2GEtJVgJt7cH9wqv3EASegSvCDmNZneGcupD5SfgHcmQd98KWiFt2EL4sKXa6BGpWNBpokEDgMkdC,9KK19KWbsZVVHZCV6io3upenFrj778pZnhobahWimbj1,,,SOL,-2.35,cSOL,2.34207768,DepositReserveLiquidityAndObligationCollateral,9KK19KWbsZVVHZCV6io3upenFrj778pZnhobahWimbj1,HjPNpiA8xXHxy3gGLSacGT765SWzupkRCVfkBNG29SLd,main
1637943154,108815367,64KmrGErP3SK9NJ8eVPt9vUt7EfSmsb1id3u9hnvfiDmSpVys7GQeBQ2GKA31ei5PzqpG3uEo4A57CAo5HKZyeg4,9KK19KWbsZVVHZCV6io3upenFrj778pZnhobahWimbj1,,,SOL,-0.15000000000000002,cSOL,0.14949415300000002,DepositReserveLiquidityAndObligationCollateral,9KK19KWbsZVVHZCV6io3upenFrj778pZnhobahWimbj1,HjPNpiA8xXHxy3gGLSacGT765SWzupkRCVfkBNG29SLd,main
1638071242,109049646,4ap8KjpdAe1TdFpmnQZus19eibex1a7ifn98tt9PtEzHx8QCeZDPNovcLYbU8xKiht7BtXKS7gbTCjWSeAdFiLh,9KK19KWbsZVVHZCV6io3upenFrj778pZnhobahWimbj1,soFTT,79.711762,,,,,BorrowObligationLiquidity,,HjPNpiA8xXHxy3gGLSacGT765SWzupkRCVfkBNG29SLd,main
1638071622,109050374,3i8vrFam4soNfCLhzRCnEuTKP6HatCJGRqA8z4L1Qhc8X3EVFG4vtr8bkHrcC2f9RscWXm8JULe28UmvrsaB3JmT,9KK19KWbsZVVHZCV6io3upenFrj778pZnhobahWimbj1,,,SOL,-19.200000000000003,cSOL,19.133144487000003,DepositReserveLiquidityAndObligationCollateral,9KK19KWbsZVVHZCV6io3upenFrj778pZnhobahWimbj1,HjPNpiA8xXHxy3gGLSacGT765SWzupkRCVfkBNG29SLd,main
1638134419,109168918,2ioScbUXCgVRToRpc2syqfcrgkWp8SCkAYPvCdeRADasV9kLDNHDX3Qt4v5vnbJupc6JXR7821XHQTS4uozhcx1n,9KK19KWbsZVVHZCV6io3upenFrj778pZnhobahWimbj1,soFTT,41.864052,,,,,BorrowObligationLiquidity,,HjPNpiA8xXHxy3gGLSacGT765SWzupkRCVfkBNG29SLd,main
1638134542,109169116,4sRnpQGhXWYvp2QBPkxmA5MDb49jzy5D4yCbJjGVTCTQiKKvN8tBqvNiDdFB8eC9hpdsazGuqdVTyQXXC1aTPuiy,9KK19KWbsZVVHZCV6io3upenFrj778pZnhobahWimbj1,,,SOL,-9.96,cSOL,9.924772193,DepositReserveLiquidityAndObligationCollateral,9KK19KWbsZVVHZCV6io3upenFrj778pZnhobahWimbj1,HjPNpiA8xXHxy3gGLSacGT765SWzupkRCVfkBNG29SLd,main
1638560869,109913704,3DMSN4uniJQfWWnC3mvGBKkLDDUXSnugMD2yhpqVwCGd7DVmE7ZnKwnUmohiGJqELTVbRFnxpgwCGApxAVENRh4C,9KK19KWbsZVVHZCV6io3upenFrj778pZnhobahWimbj1,,,SOL,-11.200000000000001,cSOL,11.156441193000001,DepositReserveLiquidityAndObligationCollateral,9KK19KWbsZVVHZCV6io3upenFrj778pZnhobahWimbj1,HjPNpiA8xXHxy3gGLSacGT765SWzupkRCVfkBNG29SLd,main
1638596566,109971550,2jGkraZA63kKprETaeokit1netGq1r5mNdqB4Z7w9Np45H1SQMVbbg76HA4xX6hT2UaVp3B7r857g7CQDmJFRjyn,9KK19KWbsZVVHZCV6io3upenFrj778pZnhobahWimbj1,soFTT,92.637326,,,,,BorrowObligationLiquidity,,HjPNpiA8xXHxy3gGLSacGT765SWzupkRCVfkBNG29SLd,main
1638597360,109972626,3Z1HnPuVK5Eynq6DYuaxCq7b3kw7zSbzr1UA1yp865F79wXgmo7NxDdHJukLFhNgNNajPyBYnBTNnffB1MynaMUY,9KK19KWbsZVVHZCV6io3upenFrj778pZnhobahWimbj1,,,SOL,-20.3,cSOL,20.220472742000002,DepositReserveLiquidityAndObligationCollateral,9KK19KWbsZVVHZCV6io3upenFrj778pZnhobahWimbj1,HjPNpiA8xXHxy3gGLSacGT765SWzupkRCVfkBNG29SLd,main
1638597732,109973131,3YCuXPR8hvcpVFrb4XZuPKqoTVy2aHVTWQ3uFcRudjvc1cx2eZFyGi7P8s3SB9bDoCeVmx8gBycobCAFHVhX3EzQ,9KK19KWbsZVVHZCV6io3upenFrj778pZnhobahWimbj1,soFTT,44.552077999999995,,,,,BorrowObligationLiquidity,,HjPNpiA8xXHxy3gGLSacGT765SWzupkRCVfkBNG29SLd,main
1638598061,109973571,3TQnHcaZJNzedBZ1wZSbksLN2STYcw3db7nE9N6eU12xQ2K682Sh7JdUfbPyByr7R7jteFvCRSWP6VUyUNP2gKbW,9KK19KWbsZVVHZCV6io3upenFrj778pZnhobahWimbj1,,,SOL,-10.0,cSOL,9.960819501000001,DepositReserveLiquidityAndObligationCollateral,9KK19KWbsZVVHZCV6io3upenFrj778pZnhobahWimbj1,HjPNpiA8xXHxy3gGLSacGT765SWzupkRCVfkBNG29SLd,main
1638598328,109973892,47iEDj7CwcKRxkUA5S5ZwrQrSxUTzWzv7pM5n9rjxKjm4ppYoaK3GUr8GwSmtsNuEbtxSkWrhmRVDvdtwQ8UPuiv,9KK19KWbsZVVHZCV6io3upenFrj778pZnhobahWimbj1,soFTT,106.113371,,,,,BorrowObligationLiquidity,,HjPNpiA8xXHxy3gGLSacGT765SWzupkRCVfkBNG29SLd,main
1638598476,109974092,3g1ZQgFmJ3RWaaZKZAAoNmv8NnNDmfXcxREUnf6niWzwGsD2xZboGPaJ8pz6EkZD3mou8X5KSAt9qwEz7BdYrhDX,9KK19KWbsZVVHZCV6io3upenFrj778pZnhobahWimbj1,,,SOL,-23.1,cSOL,23.009487396,DepositReserveLiquidityAndObligationCollateral,9KK19KWbsZVVHZCV6io3upenFrj778pZnhobahWimbj1,HjPNpiA8xXHxy3gGLSacGT765SWzupkRCVfkBNG29SLd,main
1638604909,109982889,MXTiQ1WQFEVifL9Z2UMbhVoStrTA8M7PNziWtjDh4aGECuz2eXF26G7tjqsc2T1P9Z3dYssX6zkfdjRKEPbxH1L,9KK19KWbsZVVHZCV6io3upenFrj778pZnhobahWimbj1,soFTT,58.181484999999995,,,,,BorrowObligationLiquidity,,HjPNpiA8xXHxy3gGLSacGT765SWzupkRCVfkBNG29SLd,main
1638605256,109983360,3KHCBnXVLnEyJw4Xk4cLQeQW5Ltz56B2FykwXN47fT1m2xUN9YCfkdzdb5d6if6skXWfVQV24UqGBiQKip4Hzjzu,9KK19KWbsZVVHZCV6io3upenFrj778pZnhobahWimbj1,,,USDC,-2506.6849429999997,cUSDC,2450.437413,DepositReserveLiquidityAndObligationCollateral,9KK19KWbsZVVHZCV6io3upenFrj778pZnhobahWimbj1,HjPNpiA8xXHxy3gGLSacGT765SWzupkRCVfkBNG29SLd,main
1638605331,109983454,Ffe32mvkg1sNfAPEpjYrv8ht7XkozQpDX5f5kTeKmLgyTgkQHmyGyqXjYdnSFxmALZRezA6ARqDrvE8bQqYZ3PF,9KK19KWbsZVVHZCV6io3upenFrj778pZnhobahWimbj1,soFTT,23.106413,,,,,BorrowObligationLiquidity,,HjPNpiA8xXHxy3gGLSacGT765SWzupkRCVfkBNG29SLd,main
1638605547,109983765,3isz7H6VB1dFbUWVsHJxjMy3DZXYYeDuWZjXzc83BMgufcg1GFANJWoxWt7erijRbxKBPx7XT3mTd5kkvjVj46HQ,9KK19KWbsZVVHZCV6io3upenFrj778pZnhobahWimbj1,,,RAY,-108.387385,cRAY,99.645112,DepositReserveLiquidityAndObligationCollateral,9KK19KWbsZVVHZCV6io3upenFrj778pZnhobahWimbj1,HjPNpiA8xXHxy3gGLSacGT765SWzupkRCVfkBNG29SLd,main
1638667256,110083246,3KeG28msz3NzYvXcDcPGrLQyDeV8RnKsGbEkBrsMpocPM3hrBs6iDM5hXGuVRLStjPyBTYxBaTD8JCzbC8CyADUv,9KK19KWbsZVVHZCV6io3upenFrj778pZnhobahWimbj1,soFTT,11.447802999999999,,,,,BorrowObligationLiquidity,,HjPNpiA8xXHxy3gGLSacGT765SWzupkRCVfkBNG29SLd,main
1638673523,110094005,4G4Pe2C83WBcJix4jhNVHqFTvNryNzzeSakaebsP23xp3io6jVgGYw9XVTDiiH2WSM8jKgBkDZQQ4EfR5ybDVUXN,9KK19KWbsZVVHZCV6io3upenFrj778pZnhobahWimbj1,,,SOL,-1.8,cSOL,1.7928465690000002,DepositReserveLiquidityAndObligationCollateral,9KK19KWbsZVVHZCV6io3upenFrj778pZnhobahWimbj1,HjPNpiA8xXHxy3gGLSacGT765SWzupkRCVfkBNG29SLd,main
1638765837,110258139,4kBaGaqVLEcyzHK4AdievMUsaU8L6iDvAGG9MBTBbX4P9HjZ76AxhA6Gn2ELnmpCA5WEj4gvNWG8UDSXMmNQ1rxT,9KK19KWbsZVVHZCV6io3upenFrj778pZnhobahWimbj1,soFTT,5.739539,,,,,BorrowObligationLiquidity,,HjPNpiA8xXHxy3gGLSacGT765SWzupkRCVfkBNG29SLd,main
1638767106,110260594,A26ZE9qXaeApGSbfKXjuDFd7wLRZRLpWqRKqsJFZi4PGou5dMZLW44SsHCTJY29GBtRuqvNrKPkpAdvT8XYL6yv,9KK19KWbsZVVHZCV6io3upenFrj778pZnhobahWimbj1,soFTT,11.518721,,,,,BorrowObligationLiquidity,,HjPNpiA8xXHxy3gGLSacGT765SWzupkRCVfkBNG29SLd,main
1638767832,110262049,5ZVPjyjzA5YP3PCtbLZ54bXpQQKKzhtRqC4RzDjGDGYeUMNnrzd8xnQKu1HLok4XRHopZ6RqwkUQq8CVsB3Gx5KP,9KK19KWbsZVVHZCV6io3upenFrj778pZnhobahWimbj1,soFTT,23.093895,,,,,BorrowObligationLiquidity,,HjPNpiA8xXHxy3gGLSacGT765SWzupkRCVfkBNG29SLd,main
1638769680,110265643,7nnV4DASpxuEV4wGTPkNYswdEbr9eEZtNx2zRvuxLCs8MF4Zj64bRXQWq8rFQg32RBnvYXUoqZKjsuFDpiRevqE,9KK19KWbsZVVHZCV6io3upenFrj778pZnhobahWimbj1,soFTT,23.315728999999997,,,,,BorrowObligationLiquidity,,HjPNpiA8xXHxy3gGLSacGT765SWzupkRCVfkBNG29SLd,main
1638769773,110265815,4ms4cVDoLfPQCjGD2bSGobyHAaDFsQT3VnzcXE1vp8w79jpqFC8EDZxvHz7iH5oD72LGsDGBeBiVUbhR4xKJ579i,9KK19KWbsZVVHZCV6io3upenFrj778pZnhobahWimbj1,,,USDC,-991.34141,cUSDC,968.8391909999999,DepositReserveLiquidityAndObligationCollateral,9KK19KWbsZVVHZCV6io3upenFrj778pZnhobahWimbj1,HjPNpiA8xXHxy3gGLSacGT765SWzupkRCVfkBNG29SLd,main
1639103816,110845903,5VzbttZZPunMkp1HHkXrcDBzumhZFeuGfGozYgJy8HfYetBiA1UDPf8Qhp3Xb9CixmcbCDuJhmD8sDAuH9N7shTp,9KK19KWbsZVVHZCV6io3upenFrj778pZnhobahWimbj1,soFTT,93.74876499999999,,,,,BorrowObligationLiquidity,,HjPNpiA8xXHxy3gGLSacGT765SWzupkRCVfkBNG29SLd,main
1639103952,110846169,4XBoCwX5ALGfefTNM6ym7p4ufBRcFV3sXn7S45ZcvrhUHG2jVkgmXnKTv2NZxWGqQQGJRzM8wgxQoht8vHjaAYVQ,9KK19KWbsZVVHZCV6io3upenFrj778pZnhobahWimbj1,,,SOL,-14.420000000000002,cSOL,14.358317796000001,DepositReserveLiquidityAndObligationCollateral,9KK19KWbsZVVHZCV6io3upenFrj778pZnhobahWimbj1,HjPNpiA8xXHxy3gGLSacGT765SWzupkRCVfkBNG29SLd,main
1639103985,110846229,4VNAERZm6VNuFFTkQMEZ3R4BRTiygp5mmUKjPN3ndQ1UgHEhYwTcxvtmj12vQ289gp9S7G1Hfsnzpg5kMGPmFrjv,9KK19KWbsZVVHZCV6io3upenFrj778pZnhobahWimbj1,,,USDC,-1002.965279,cUSDC,979.656753,DepositReserveLiquidityAndObligationCollateral,9KK19KWbsZVVHZCV6io3upenFrj778pZnhobahWimbj1,HjPNpiA8xXHxy3gGLSacGT765SWzupkRCVfkBNG29SLd,main
1639104058,110846377,2Xhq15DtDftthrpod4NoKgY49HLS3gyWzAfUtR5CvVtvCF97u3mcDYLNgrirXsgaiEYXKvcvusYkhVioPhga6t3k,9KK19KWbsZVVHZCV6io3upenFrj778pZnhobahWimbj1,soFTT,74.07681699999999,,,,,BorrowObligationLiquidity,,HjPNpiA8xXHxy3gGLSacGT765SWzupkRCVfkBNG29SLd,main
1639104180,110846612,5kj1ABra358pZGYkNZ1dysCFZScdxFjpHPp79JfjXb3dcFy67Fwk1v2i79fkvw7qhNyXq9x1pAW2NYATNBysQtcs,9KK19KWbsZVVHZCV6io3upenFrj778pZnhobahWimbj1,,,SOL,-10.350000000000001,cSOL,10.305725919,DepositReserveLiquidityAndObligationCollateral,9KK19KWbsZVVHZCV6io3upenFrj778pZnhobahWimbj1,HjPNpiA8xXHxy3gGLSacGT765SWzupkRCVfkBNG29SLd,main
1639104259,110846775,s7aHtHT6q2adTP2xnKX53JLTXDSUyuXzVjSiNV1d9MjZEhSLfMDKiUjP2BpeRNbfPsJpZYuDvUpfXUqXyvR18Zj,9KK19KWbsZVVHZCV6io3upenFrj778pZnhobahWimbj1,,,USDC,-1001.2291379999999,cUSDC,977.960428,DepositReserveLiquidityAndObligationCollateral,9KK19KWbsZVVHZCV6io3upenFrj778pZnhobahWimbj1,HjPNpiA8xXHxy3gGLSacGT765SWzupkRCVfkBNG29SLd,main
1639104313,110846872,HVFRDVvs1hr81vu1ycAyiGuQeRkPCfrLAnc4QM6r51GtUarQhBUn36KC9k546EXjHXdRu2otAi836vvPamUB6Qa,9KK19KWbsZVVHZCV6io3upenFrj778pZnhobahWimbj1,soFTT,54.300205999999996,,,,,BorrowObligationLiquidity,,HjPNpiA8xXHxy3gGLSacGT765SWzupkRCVfkBNG29SLd,main
1639104490,110847213,2owpJk91cyJ22TnPsqvTPCc9VkW3TqVhs4XrXrQtEUGBf9QCVpcXv4nBdNdrC3XRSKauhWxymKocvTGNS73cDZYr,9KK19KWbsZVVHZCV6io3upenFrj778pZnhobahWimbj1,,,SOL,-11.4,cSOL,11.351232125000001,DepositReserveLiquidityAndObligationCollateral,9KK19KWbsZVVHZCV6io3upenFrj778pZnhobahWimbj1,HjPNpiA8xXHxy3gGLSacGT765SWzupkRCVfkBNG29SLd,main
1639104523,110847276,3fMxzZ6WrcWTZD9AembssHBG3YJ16XPDhqr2RVyxbiRZuXFFGREdtchkRS68zhhHMqXvB89j9fvYjdREtQy3VGKW,9KK19KWbsZVVHZCV6io3upenFrj778pZnhobahWimbj1,soFTT,61.783313,,,,,BorrowObligationLiquidity,,HjPNpiA8xXHxy3gGLSacGT765SWzupkRCVfkBNG29SLd,main
1639104666,110847556,3gmJkcC4h7aEAWP6d73NfgckdbPePKxSjQSNCVP9pT46TKBqcntUe9mEN33a7jtNR1mg5dTSJwgqnNY4VzYX8DpR,9KK19KWbsZVVHZCV6io3upenFrj778pZnhobahWimbj1,soFTT,74.335625,,,,,BorrowObligationLiquidity,,HjPNpiA8xXHxy3gGLSacGT765SWzupkRCVfkBNG29SLd,main
1639104814,110847854,28kPXiug38RC4XkwVZe1L3vsMvcdr7GPZApP6hpvMdtctgn3TNQ14Y7rnvB3i6iyvv4jb94LJFb928DtZRPpfEaT,9KK19KWbsZVVHZCV6io3upenFrj778pZnhobahWimbj1,,,BTC,-0.022300999999999998,cBTC,0.022189,DepositReserveLiquidityAndObligationCollateral,9KK19KWbsZVVHZCV6io3upenFrj778pZnhobahWimbj1,HjPNpiA8xXHxy3gGLSacGT765SWzupkRCVfkBNG29SLd,main
1639104828,110847885,paVbRnpJPzM8xaJ9Jbsz5TRNWxGzNSohRv2dqkSin9VZcJ1QUKktL6J3knHj2J9BZpQ3FLT1HRDF2YKFdT61GFt,9KK19KWbsZVVHZCV6io3upenFrj778pZnhobahWimbj1,,,soETH,-0.38495399999999996,csoETH,0.38233999999999996,DepositReserveLiquidityAndObligationCollateral,9KK19KWbsZVVHZCV6io3upenFrj778pZnhobahWimbj1,HjPNpiA8xXHxy3gGLSacGT765SWzupkRCVfkBNG29SLd,main
1639104866,110847960,4c6fq57fEmfbghHHPZzXYWTDT353Bd1KfA9RP2u9URB4r82DRz8cXeBf1Hwf4yuGfauNxmXpLLCQWYEq4yZdy3w7,9KK19KWbsZVVHZCV6io3upenFrj778pZnhobahWimbj1,,,SOL,-10.600000000000001,cSOL,10.554651866,DepositReserveLiquidityAndObligationCollateral,9KK19KWbsZVVHZCV6io3upenFrj778pZnhobahWimbj1,HjPNpiA8xXHxy3gGLSacGT765SWzupkRCVfkBNG29SLd,main
1639104890,110848010,4BsUfyb5kvf4nhuLHygpz3KaqGE9HGCHJeakgFrJJPtRcW4Hrf9r3NTQzDAagjnhsnG4U5GZKqdNz3QocKNEoEcc,9KK19KWbsZVVHZCV6io3upenFrj778pZnhobahWimbj1,,,USDC,-705.606368,cUSDC,689.207128,DepositReserveLiquidityAndObligationCollateral,9KK19KWbsZVVHZCV6io3upenFrj778pZnhobahWimbj1,HjPNpiA8xXHxy3gGLSacGT765SWzupkRCVfkBNG29SLd,main
1639104968,110848162,2EH3GWzDfUJCPZH1a4hYD32PiutnBj2mWgLe3oFZpZErRka1t3uStNd7vHxbdc3dDe86Gs1MmesJkSL3e4MFPLZ9,9KK19KWbsZVVHZCV6io3upenFrj778pZnhobahWimbj1,soFTT,24.826271,,,,,BorrowObligationLiquidity,,HjPNpiA8xXHxy3gGLSacGT765SWzupkRCVfkBNG29SLd,main
1639105036,110848299,3eAHhtPw1gjE7CLSsMN6wkWdEpHnbcUyRVD9KEV5R4cB7T6MVr51roWT21rdq4nvndqbSRQcGuGaVi4vaYdHSUMC,9KK19KWbsZVVHZCV6io3upenFrj778pZnhobahWimbj1,,,RAY,-118.624479,cRAY,108.12411999999999,DepositReserveLiquidityAndObligationCollateral,9KK19KWbsZVVHZCV6io3upenFrj778pZnhobahWimbj1,HjPNpiA8xXHxy3gGLSacGT765SWzupkRCVfkBNG29SLd,main
1639105176,110848573,3BA1dWABazmiZyDci2F7z77GqPQwGcVJFz1XFoZCEKUyKnHajmzy5ZGzJtmPYfxMki65ARJz4DE4zHXNsgtFA85u,9KK19KWbsZVVHZCV6io3upenFrj778pZnhobahWimbj1,soFTT,62.005525999999996,,,,,BorrowObligationLiquidity,,HjPNpiA8xXHxy3gGLSacGT765SWzupkRCVfkBNG29SLd,main
1639105290,110848796,2GNyKRBJgiW6z9A7m8E1VsyborGwjR1fHfRp5nHUQw8Waizo1PWhgw36QL73uByZbFJ27pq7qRtyvfMkyHyHB6Hg,9KK19KWbsZVVHZCV6io3upenFrj778pZnhobahWimbj1,soFTT,25.417793999999997,,,,,BorrowObligationLiquidity,,HjPNpiA8xXHxy3gGLSacGT765SWzupkRCVfkBNG29SLd,main
1639105351,110848918,3gc9nEAG1qwKW5CaUB1RKKGBigfZRjjmRWXiZ2CV27uPKkWjsEeTzu9ZPomG9tghDQmzM9CsPnRYp8dV6CKQkCNE,9KK19KWbsZVVHZCV6io3upenFrj778pZnhobahWimbj1,,,SOL,-18.6,cSOL,18.520421084000002,DepositReserveLiquidityAndObligationCollateral,9KK19KWbsZVVHZCV6io3upenFrj778pZnhobahWimbj1,HjPNpiA8xXHxy3gGLSacGT765SWzupkRCVfkBNG29SLd,main
1639106245,110850656,4UtXkyPvgnBvno8AhNwwwZ967RuWuKGVJYueasai4eBRp4Byvw5GRmcCxA4mVUetPY6h82uBUpQdyWxEwDkAqLQw,9KK19KWbsZVVHZCV6io3upenFrj778pZnhobahWimbj1,,,SOL,-0.132,cSOL,0.13143517200000002,DepositReserveLiquidityAndObligationCollateral,9KK19KWbsZVVHZCV6io3upenFrj778pZnhobahWimbj1,HjPNpiA8xXHxy3gGLSacGT765SWzupkRCVfkBNG29SLd,main
1639108541,110855167,2pncFrmxtib9TSP8oM3ZiCXvDjLPf5D9hpWHinjDbbZix1g5TjFoXz4NfH6wAKuSvuXrnfjpiXBaBjHodgTZdzVE,9KK19KWbsZVVHZCV6io3upenFrj778pZnhobahWimbj1,USDC,6223.91496,,,cUSDC,-6079.219572,WithdrawObligationCollateralAndRedeemReserveCollateral,9KK19KWbsZVVHZCV6io3upenFrj778pZnhobahWimbj1,HjPNpiA8xXHxy3gGLSacGT765SWzupkRCVfkBNG29SLd,main
1639108687,110855450,2XNvRW1ECzrC1B9yCLuVeoaBRFD9fbWceAQhniUGrXPHJTu6wM2bPso4sLgvDw4NhHKdpEcwAG6segdz6X3kRce3,9KK19KWbsZVVHZCV6io3upenFrj778pZnhobahWimbj1,,,SOL,-34.11,cSOL,33.963990336,DepositReserveLiquidityAndObligationCollateral,9KK19KWbsZVVHZCV6io3upenFrj778pZnhobahWimbj1,HjPNpiA8xXHxy3gGLSacGT765SWzupkRCVfkBNG29SLd,main
1639108981,110856024,2tjhg6Rp71DxTJ9r4zAdutTqFDHKriANUJzNSQ3XkhdrA6beKgSQ6wYh5txCGWcLiJppsbEj6uJgU9LGDM3qx72T,9KK19KWbsZVVHZCV6io3upenFrj778pZnhobahWimbj1,soFTT,56.173463,,,,,BorrowObligationLiquidity,,HjPNpiA8xXHxy3gGLSacGT765SWzupkRCVfkBNG29SLd,main
1639109070,110856193,2YdAqi2n3wyJSPQhFA1tZHiqdLRszevUpmzmv2wkvMFcknS6VLuZTa39jhM1pD3TCNwiYzi1fEqjZC5ezm1fnHgA,9KK19KWbsZVVHZCV6io3upenFrj778pZnhobahWimbj1,soFTT,28.727376999999997,,,,,BorrowObligationLiquidity,,HjPNpiA8xXHxy3gGLSacGT765SWzupkRCVfkBNG29SLd,main
1639109120,110856290,5ASvPx1N7opkUdAVdJ5REvLbcBCTPtmDUWKMUDLzbnGSnQQuqSwShLY9VabMeFuJfF5bFJaWJigwVNqKMQ3zZAhh,9KK19KWbsZVVHZCV6io3upenFrj778pZnhobahWimbj1,,,soETH,-0.7892859999999999,csoETH,0.783925,DepositReserveLiquidityAndObligationCollateral,9KK19KWbsZVVHZCV6io3upenFrj778pZnhobahWimbj1,HjPNpiA8xXHxy3gGLSacGT765SWzupkRCVfkBNG29SLd,main
1639111933,110861638,4FnRk161emmScV34vVsa8kp6QThMysb8LUBT8NPGuye3rRVnwVgfRoW7QqS6qAdDdGmSrzM5vXK27WbQzFDvAVq3,9KK19KWbsZVVHZCV6io3upenFrj778pZnhobahWimbj1,soFTT,50.160512999999995,,,,,BorrowObligationLiquidity,,HjPNpiA8xXHxy3gGLSacGT765SWzupkRCVfkBNG29SLd,main
1639112111,110861980,4ncKqQb6q1dB3npN5mJuEKBoNmM9B8No6GiKpwLBGRgYXNeuvFxCnjrTdxmFtcLX7pU2BGihUSYg9zNYn2nmhpt5,9KK19KWbsZVVHZCV6io3upenFrj778pZnhobahWimbj1,,,SOL,-10.75,cSOL,10.703961207,DepositReserveLiquidityAndObligationCollateral,9KK19KWbsZVVHZCV6io3upenFrj778pZnhobahWimbj1,HjPNpiA8xXHxy3gGLSacGT765SWzupkRCVfkBNG29SLd,main
1639112184,110862121,5r4b7G7xFJRFJcyw47EcA2fW8CCiossrX7thH2BYxfcM2uSLndh8jNsgKMeLGeHpzUWPybxYPerUpQKsPUgipq6b,9KK19KWbsZVVHZCV6io3upenFrj778pZnhobahWimbj1,soFTT,70.271423,,,,,BorrowObligationLiquidity,,HjPNpiA8xXHxy3gGLSacGT765SWzupkRCVfkBNG29SLd,main
1639112283,110862296,4ZuTKrQaL8kZt8k5derKWkt6LoqRwEHTQ79D2aQV8bmCGTqjiDknLWWWDroqQuySCH77XxUFp7gVD5FnCoGr9iRa,9KK19KWbsZVVHZCV6io3upenFrj778pZnhobahWimbj1,soFTT,45.126884,,,,,BorrowObligationLiquidity,,HjPNpiA8xXHxy3gGLSacGT765SWzupkRCVfkBNG29SLd,main
1639112330,110862391,2nBzRkm7XrwYXtc1yBTY1uqCJhttS7qm5ggZ5gdyv4AaWLR5GathiS3NQQRjR96peq4YcNNeDJcLwGT6sM5mTj4f,9KK19KWbsZVVHZCV6io3upenFrj778pZnhobahWimbj1,,,SOL,-24.720000000000002,cSOL,24.614128883000003,DepositReserveLiquidityAndObligationCollateral,9KK19KWbsZVVHZCV6io3upenFrj778pZnhobahWimbj1,HjPNpiA8xXHxy3gGLSacGT765SWzupkRCVfkBNG29SLd,main
1639112362,110862457,272jPP9q5tUghUQaCFgwizic7RaHsizKwB27BZ2Px3cryYvDTrpdQWuNjtspnTPdYz3rF5Z6a2QPX29f22MUE2kn,9KK19KWbsZVVHZCV6io3upenFrj778pZnhobahWimbj1,soFTT,50.153696,,,,,BorrowObligationLiquidity,,HjPNpiA8xXHxy3gGLSacGT765SWzupkRCVfkBNG29SLd,main
1639112445,110862602,4A1RXr8QrAv3YjWFDdKWVzxx92LDpx13ghiWbnsueRMwxtjh11Zht9YkVxskzBy9RqeEpJMtAZar4MBgaA1pJPCa,9KK19KWbsZVVHZCV6io3upenFrj778pZnhobahWimbj1,,,SOL,-10.700000000000001,cSOL,10.654173174,DepositReserveLiquidityAndObligationCollateral,9KK19KWbsZVVHZCV6io3upenFrj778pZnhobahWimbj1,HjPNpiA8xXHxy3gGLSacGT765SWzupkRCVfkBNG29SLd,main
1639113399,110864407,uvgToknkN3WH1Y5qvvpVzJBgcT8fmFqhKdbfcxiKbnm2YkGCFuLokVJgBpHf6MhkF98HRYebfGivNw5KTBLJWe1,9KK19KWbsZVVHZCV6io3upenFrj778pZnhobahWimbj1,soFTT,130.23960499999998,,,,,BorrowObligationLiquidity,,HjPNpiA8xXHxy3gGLSacGT765SWzupkRCVfkBNG29SLd,main
1639113442,110864489,5dEQEomZvdRdkrLSSKkFtJt4JRERYGtR4zGD7J7aMD32CGJW9atzaSqc5mwun4tkexRPitPE51UdkH96t8cmN3aQ,9KK19KWbsZVVHZCV6io3upenFrj778pZnhobahWimbj1,,,USDC,-4915.587895,cUSDC,4801.264372,DepositReserveLiquidityAndObligationCollateral,9KK19KWbsZVVHZCV6io3upenFrj778pZnhobahWimbj1,HjPNpiA8xXHxy3gGLSacGT765SWzupkRCVfkBNG29SLd,main
1639252252,111105217,4uUhcCF1KCW6za7xmAiUTCukwZppG2eSeJ96yHmCUVRYsUvpGm4J4gPSBd3aKEHUs3YApbxqmy8GL79MF4GTjeVm,9KK19KWbsZVVHZCV6io3upenFrj778pZnhobahWimbj1,,,soFTT,-32.461852,,,RepayObligationLiquidity,9KK19KWbsZVVHZCV6io3upenFrj778pZnhobahWimbj1,HjPNpiA8xXHxy3gGLSacGT765SWzupkRCVfkBNG29SLd,main
1639252321,111105333,4n6rswtn2XAsGC7vht1C6r633AHDtoj4ivzGZKAKaBfz4r9Pry6b64xKvL6Gzc2Rbfq6mumQBJt9VgmACWjQx9J4,9KK19KWbsZVVHZCV6io3upenFrj778pZnhobahWimbj1,RAY,201.000058,,,cRAY,-183.096704,WithdrawObligationCollateralAndRedeemReserveCollateral,9KK19KWbsZVVHZCV6io3upenFrj778pZnhobahWimbj1,HjPNpiA8xXHxy3gGLSacGT765SWzupkRCVfkBNG29SLd,main
1639252387,111105456,74ZqUJprPmgQZXJcg3WSPvuZ22eCr2o33uggvzpUHoLjqH3GXjhyXeNpYe93Dh7TvEhgo4TqwAG7sCMV7hNyVix,9KK19KWbsZVVHZCV6io3upenFrj778pZnhobahWimbj1,,,soFTT,-38.774491,,,RepayObligationLiquidity,9KK19KWbsZVVHZCV6io3upenFrj778pZnhobahWimbj1,HjPNpiA8xXHxy3gGLSacGT765SWzupkRCVfkBNG29SLd,main
1639252405,111105489,4ogxCxuaQwBWY58KmS4kF9ko3GvVjydofKDe2N6pCkSLBZ7CGHHtftj3sUexPdFTASmUjJD7F8MaymBrBhLmGyF1,9KK19KWbsZVVHZCV6io3upenFrj778pZnhobahWimbj1,RAY,200.000016,,,cRAY,-182.185665,WithdrawObligationCollateralAndRedeemReserveCollateral,9KK19KWbsZVVHZCV6io3upenFrj778pZnhobahWimbj1,HjPNpiA8xXHxy3gGLSacGT765SWzupkRCVfkBNG29SLd,main
1639252459,111105585,65QAqfQYXE31KgLn1j4STniyBemDjuA12HDhHZpeBB6NxPR95mKogjdh3dzfQFYgSGoXXEbGkimsADmvBFJgRxum,9KK19KWbsZVVHZCV6io3upenFrj778pZnhobahWimbj1,,,soFTT,-38.758480999999996,,,RepayObligationLiquidity,9KK19KWbsZVVHZCV6io3upenFrj778pZnhobahWimbj1,HjPNpiA8xXHxy3gGLSacGT765SWzupkRCVfkBNG29SLd,main
1639252478,111105616,3pmq9VYWNtVGqGPCvfFBjq3SiWjepSZPMVNfPxyU57ACaQAsBn3FbD7z2YKqHWeny1J6FYUS5ZDe7KZWGFWhnWBD,9KK19KWbsZVVHZCV6io3upenFrj778pZnhobahWimbj1,RAY,150.000012,,,cRAY,-136.639205,WithdrawObligationCollateralAndRedeemReserveCollateral,9KK19KWbsZVVHZCV6io3upenFrj778pZnhobahWimbj1,HjPNpiA8xXHxy3gGLSacGT765SWzupkRCVfkBNG29SLd,main
1639252517,111105681,3AVScJm6EVsLEEpJdcLsgyTL3waogmuCRq6bxv3XibrQkMGZfUW6H4yurr2UbZBcHPLeW2xjiVkr5iFZrnmWCLaY,9KK19KWbsZVVHZCV6io3upenFrj778pZnhobahWimbj1,,,soFTT,-29.059796,,,RepayObligationLiquidity,9KK19KWbsZVVHZCV6io3upenFrj778pZnhobahWimbj1,HjPNpiA8xXHxy3gGLSacGT765SWzupkRCVfkBNG29SLd,main
1639252592,111105801,58KtzvuzjtAA5yYqrUVZBzYZyYEGBaqimn1AyRqVucAmHXQXY36baNyEQNdzc7EmkufeUpNrRLW1GDMs7iP1fyKe,9KK19KWbsZVVHZCV6io3upenFrj778pZnhobahWimbj1,RAY,400.00012,,,cRAY,-364.371124,WithdrawObligationCollateralAndRedeemReserveCollateral,9KK19KWbsZVVHZCV6io3upenFrj778pZnhobahWimbj1,HjPNpiA8xXHxy3gGLSacGT765SWzupkRCVfkBNG29SLd,main
1639252644,111105891,2BJkLxo8kuc11waR9YvJENHFdniu9iZD8Qn96ZbQ4aLdHaQG1bTushJ2EP9Fg6sKsnR9EtPgVgC5g2reohLGLyV2,9KK19KWbsZVVHZCV6io3upenFrj778pZnhobahWimbj1,,,soFTT,-76.341381,,,RepayObligationLiquidity,9KK19KWbsZVVHZCV6io3upenFrj778pZnhobahWimbj1,HjPNpiA8xXHxy3gGLSacGT765SWzupkRCVfkBNG29SLd,main
1639252810,111106162,2msJA3FB7Vjvo8HURHhvsF8g4hrEaFqPNpXwrYkTVYSrLTxBLkCG2Bz4PgovcdRD1PzQhVYL7V79Y5REVV98rfaW,9KK19KWbsZVVHZCV6io3upenFrj778pZnhobahWimbj1,RAY,210.00014299999998,,,cRAY,-191.294739,WithdrawObligationCollateralAndRedeemReserveCollateral,9KK19KWbsZVVHZCV6io3upenFrj778pZnhobahWimbj1,HjPNpiA8xXHxy3gGLSacGT765SWzupkRCVfkBNG29SLd,main
1639252871,111106262,4drfX8HiAaWrrv7kLN1kqi7QMo4Vryh41PbXqbhmSzUuMtBEdAqCPyocRL6Wa6V5M9iiYgaxxPRxqsg9tPWtoQQR,9KK19KWbsZVVHZCV6io3upenFrj778pZnhobahWimbj1,,,soFTT,-40.698065,,,RepayObligationLiquidity,9KK19KWbsZVVHZCV6io3upenFrj778pZnhobahWimbj1,HjPNpiA8xXHxy3gGLSacGT765SWzupkRCVfkBNG29SLd,main
1639252998,111106483,4NedQNhYAdWTVn8rkvq92fHymUwK7AJHefQsxivthxNxzWdisGZcQkGdA5auZNjzSisWaqkDwQLEQV89ThUfJVYo,9KK19KWbsZVVHZCV6io3upenFrj778pZnhobahWimbj1,RAY,500.000278,,,cRAY,-455.463238,WithdrawObligationCollateralAndRedeemReserveCollateral,9KK19KWbsZVVHZCV6io3upenFrj778pZnhobahWimbj1,HjPNpiA8xXHxy3gGLSacGT765SWzupkRCVfkBNG29SLd,main
1639253047,111106569,4CdX7LaRgi2jV9KEBqWhJmHh7N8w25tDiYSNsiKG9yHbNfVoCEJLby25wbuvw5PFUzk4U43Z3FwzJtuAqsim7ANs,9KK19KWbsZVVHZCV6io3upenFrj778pZnhobahWimbj1,,,soFTT,-94.400368,,,RepayObligationLiquidity,9KK19KWbsZVVHZCV6io3upenFrj778pZnhobahWimbj1,HjPNpiA8xXHxy3gGLSacGT765SWzupkRCVfkBNG29SLd,main
1639338230,111254588,49LdrTBJRNr1ph86an2Fto5Gnh2HvgwRn2bG7MtG4E4rek6hxMFPFd6xREkH6NRdpVsEb2X3fVA5VdN2aAskrSrF,9KK19KWbsZVVHZCV6io3upenFrj778pZnhobahWimbj1,,,SOL,-24.5,cSOL,24.39178365,DepositReserveLiquidityAndObligationCollateral,9KK19KWbsZVVHZCV6io3upenFrj778pZnhobahWimbj1,HjPNpiA8xXHxy3gGLSacGT765SWzupkRCVfkBNG29SLd,main
1639440906,111420009,5mbZKeTxghJzdafRaudYCxgRnV1KMtcEnCRYiceVrLYetsEDYg1qG4FtoCKDdWzuGaRaHuUhA97eeMeEa4xpLS9n,9KK19KWbsZVVHZCV6io3upenFrj778pZnhobahWimbj1,soFTT,43.901253,,,,,BorrowObligationLiquidity,,HjPNpiA8xXHxy3gGLSacGT765SWzupkRCVfkBNG29SLd,main
1639441352,111420641,3AEJpqu5HhueovGpLuZASokNnH6MUKre9QxyZ14gUbALdKtRRNo2EZ7RxFUMY4WS6L1ceoimcw83CXJiGsCaVvQ9,9KK19KWbsZVVHZCV6io3upenFrj778pZnhobahWimbj1,,,SOL,-10.4,cSOL,10.353406809,DepositReserveLiquidityAndObligationCollateral,9KK19KWbsZVVHZCV6io3upenFrj778pZnhobahWimbj1,HjPNpiA8xXHxy3gGLSacGT765SWzupkRCVfkBNG29SLd,main
1639442182,111421801,5SWcCnnJKN3FfxXxWCPZabCNqqSKsCCX3Zcg9cuWcmmcUW6SCqLcpRiPnhc6oxUw8RKRk2Mmdaz9S8YFeoTQxo6a,9KK19KWbsZVVHZCV6io3upenFrj778pZnhobahWimbj1,soFTT,41.980359,,,,,BorrowObligationLiquidity,,HjPNpiA8xXHxy3gGLSacGT765SWzupkRCVfkBNG29SLd,main
1639442583,111422393,4khfCdmrjK2ighL3LfAasPNzdyJ77HyQAF1tPmphomZTeL1iuGPbKpL3iuZeaoC99D1QsyvmdPELhzTHRdoSY2Mn,9KK19KWbsZVVHZCV6io3upenFrj778pZnhobahWimbj1,,,SOL,-9.8,cSOL,9.756088486000001,DepositReserveLiquidityAndObligationCollateral,9KK19KWbsZVVHZCV6io3upenFrj778pZnhobahWimbj1,HjPNpiA8xXHxy3gGLSacGT765SWzupkRCVfkBNG29SLd,main
1639443048,111423073,2NfeBhSGym7jxRgWkYKnhpuRbyHZRfvAq8nrZthEPZbsDpmW4y7ymjv5s7vnQ5kPEmmk1G5ZTkeGFVhyx7dQQ6fn,9KK19KWbsZVVHZCV6io3upenFrj778pZnhobahWimbj1,soFTT,40.73088,,,,,BorrowObligationLiquidity,,HjPNpiA8xXHxy3gGLSacGT765SWzupkRCVfkBNG29SLd,main
1639443277,111423386,2Q3UKFk5dUiGLgX2w6isnh9rpnV66NtBzSVqKgu3VmAWY7SLgFYf8qdJucerejk6oixvvG5m5Fnf6YiNNShASNuU,9KK19KWbsZVVHZCV6io3upenFrj778pZnhobahWimbj1,,,SOL,-9.65,cSOL,9.606757032,DepositReserveLiquidityAndObligationCollateral,9KK19KWbsZVVHZCV6io3upenFrj778pZnhobahWimbj1,HjPNpiA8xXHxy3gGLSacGT765SWzupkRCVfkBNG29SLd,main
1639598334,111696195,4UhqCAhvqV35oUw2WEtQhQnYywoRVYHvz9qN5ab7FPTDQiUFcfQ7keumi3fmJajR3knaP3QgktvjJN7mW3Rx3Jbk,9KK19KWbsZVVHZCV6io3upenFrj778pZnhobahWimbj1,soFTT,134.398451,,,,,BorrowObligationLiquidity,,HjPNpiA8xXHxy3gGLSacGT765SWzupkRCVfkBNG29SLd,main
1639598717,111696801,4MHCuzmSzhT15WraUFxzZ3hcgF6sMudSkbF3hF8MC4khRsD4S4yRsynPKnfMAgAz7ZQ3rYiJW848auYCgCii1iHw,9KK19KWbsZVVHZCV6io3upenFrj778pZnhobahWimbj1,,,USDC,-5150.987126999999,cUSDC,5027.096082,DepositReserveLiquidityAndObligationCollateral,9KK19KWbsZVVHZCV6io3upenFrj778pZnhobahWimbj1,HjPNpiA8xXHxy3gGLSacGT765SWzupkRCVfkBNG29SLd,main
1639676392,111841296,2bugBeRM7o5Z6kyryprMErr8ZS8tNoRwBtFPgGs2nUfrKop2JGo3tYxfNro3Sv1LuEuPEUoVNfNnWiRVXEb9WyGz,9KK19KWbsZVVHZCV6io3upenFrj778pZnhobahWimbj1,USDC,2300.000647,,,cUSDC,-2244.344738,WithdrawObligationCollateralAndRedeemReserveCollateral,9KK19KWbsZVVHZCV6io3upenFrj778pZnhobahWimbj1,HjPNpiA8xXHxy3gGLSacGT765SWzupkRCVfkBNG29SLd,main
1639703717,111892589,A3ZeE1kWgc215yzaFyAFZMGZ1kQYJTbcMrs3kR1MyauV35txxAGhLGvNqWkBaVVATRpamDeT934UuL6vzouLhCn,9KK19KWbsZVVHZCV6io3upenFrj778pZnhobahWimbj1,USDC,5000.000634999999,,,cUSDC,-4878.76333,WithdrawObligationCollateralAndRedeemReserveCollateral,9KK19KWbsZVVHZCV6io3upenFrj778pZnhobahWimbj1,HjPNpiA8xXHxy3gGLSacGT765SWzupkRCVfkBNG29SLd,main
1639703865,111892891,1NZxHQM8Ai6uFhVdTx4YJQnhUd7DNMATzjftEWJMKJQME7xQ3Pih8jsYJHGPkzaSbVZBRuMpveUsUf85czDXPK6,9KK19KWbsZVVHZCV6io3upenFrj778pZnhobahWimbj1,,,RAY,-649.648733,cRAY,589.8240599999999,DepositReserveLiquidityAndObligationCollateral,9KK19KWbsZVVHZCV6io3upenFrj778pZnhobahWimbj1,HjPNpiA8xXHxy3gGLSacGT765SWzupkRCVfkBNG29SLd,main
1639768065,112006397,NkuwiaSabXnnJE8VxLVMQjPtivAafxuH4fV9B4XqrTbQ9pAQcRzxpFZCRtw2119Xai1UPTruK4rUbLqQ48QaAj1,9KK19KWbsZVVHZCV6io3upenFrj778pZnhobahWimbj1,soFTT,53.694914,,,,,BorrowObligationLiquidity,,HjPNpiA8xXHxy3gGLSacGT765SWzupkRCVfkBNG29SLd,main
1639769120,112008252,4HCs9SBqGZMQ6qtsmyovrSWt1cbG9saAKhkP91j4gcXSfBqFK5bvkJsLFQBX2Jo9wgnu3B9FSvfE2immjJGP9aUC,9KK19KWbsZVVHZCV6io3upenFrj778pZnhobahWimbj1,USDC,2772.7881359999997,,,cUSDC,-2705.2523859999997,WithdrawObligationCollateralAndRedeemReserveCollateral,9KK19KWbsZVVHZCV6io3upenFrj778pZnhobahWimbj1,HjPNpiA8xXHxy3gGLSacGT765SWzupkRCVfkBNG29SLd,main
1639769239,112008470,45j9EQqsUi6fHKAwoXVe7UREUQDSA3eKs1czNF4bbMKoQ7dgu25nQ2mXHsDs5k7PcB5Hr1nxi8asjt3PceeV5ZB5,9KK19KWbsZVVHZCV6io3upenFrj778pZnhobahWimbj1,,,USDC,-2772.7881399999997,cUSDC,2705.2518179999997,DepositReserveLiquidityAndObligationCollateral,9KK19KWbsZVVHZCV6io3upenFrj778pZnhobahWimbj1,HjPNpiA8xXHxy3gGLSacGT765SWzupkRCVfkBNG29SLd,main
1639769351,112008657,sSXKof3bgzbCdHQKEzMfsrHKz5zdz9x4pWbj8iUrFovn5UCYcMQGLbDHDXyyfwALRq2sfHhwKMdACqbkpaTsPCW,9KK19KWbsZVVHZCV6io3upenFrj778pZnhobahWimbj1,USDC,2772.7886399999998,,,cUSDC,-2705.2518179999997,WithdrawObligationCollateralAndRedeemReserveCollateral,9KK19KWbsZVVHZCV6io3upenFrj778pZnhobahWimbj1,HjPNpiA8xXHxy3gGLSacGT765SWzupkRCVfkBNG29SLd,main
1639886771,112226264,63jEDARh9aSj5ABp58EJEG3r688GSVuTqUMyJDm3BDLpe1CoGBYkxbVm2WXySPGRoxuz7SkiZAKhVyp9yfwC6Pvr,9KK19KWbsZVVHZCV6io3upenFrj778pZnhobahWimbj1,RAY,134.938775,,,cRAY,-122.257938,WithdrawObligationCollateralAndRedeemReserveCollateral,9KK19KWbsZVVHZCV6io3upenFrj778pZnhobahWimbj1,HjPNpiA8xXHxy3gGLSacGT765SWzupkRCVfkBNG29SLd,main
1639886883,112226484,3p1uHkiExen8BjnqAakjzWBosfQdAhzHgZz78Q53ZaNNZDXD42Vgv692GtPn6zv9Hon7tRqJZVbNM7fMoqzuuLFw,9KK19KWbsZVVHZCV6io3upenFrj778pZnhobahWimbj1,,,soFTT,-24.346218,,,RepayObligationLiquidity,9KK19KWbsZVVHZCV6io3upenFrj778pZnhobahWimbj1,HjPNpiA8xXHxy3gGLSacGT765SWzupkRCVfkBNG29SLd,main
1639886920,112226552,2285LugTcggp2GobHyneqJPRNXdSJu33krMXtW2Qrtv6u4LfYmsEqHo4pCpQbFDB6CZohpdsk15e6Ra1mxaJ3cBX,9KK19KWbsZVVHZCV6io3upenFrj778pZnhobahWimbj1,RAY,161.981645,,,cRAY,-146.759186,WithdrawObligationCollateralAndRedeemReserveCollateral,9KK19KWbsZVVHZCV6io3upenFrj778pZnhobahWimbj1,HjPNpiA8xXHxy3gGLSacGT765SWzupkRCVfkBNG29SLd,main
1639886992,112226679,3RRBmEuNq6i186jNZQTzKVAuNqNvx4QnwmaJDFqDnCf8ZjRKX5dHia8dDwLPgtsPENM88BDauMQx9crwGFuaouur,9KK19KWbsZVVHZCV6io3upenFrj778pZnhobahWimbj1,,,soFTT,-28.669943999999997,,,RepayObligationLiquidity,9KK19KWbsZVVHZCV6io3upenFrj778pZnhobahWimbj1,HjPNpiA8xXHxy3gGLSacGT765SWzupkRCVfkBNG29SLd,main
1639887022,112226733,4fzDEnN2WVcMNLmFA4r1UMuX3Bn5f7LNJSSLjrKk9ikvACraZHRLFA41X6UC3tnZ1QLHtiVXUTcBxZFPGJkwzekp,9KK19KWbsZVVHZCV6io3upenFrj778pZnhobahWimbj1,RAY,202.58109299999998,,,cRAY,-183.543024,WithdrawObligationCollateralAndRedeemReserveCollateral,9KK19KWbsZVVHZCV6io3upenFrj778pZnhobahWimbj1,HjPNpiA8xXHxy3gGLSacGT765SWzupkRCVfkBNG29SLd,main
1639887086,112226861,3cBfiDCokVDPFUL5FUeg5FyJKzUNrsfwPgPGtEqjiR1NZvXNSjGb2BNe28Psozbh6C9ZZRQU3w86nSuDG2CJxfQr,9KK19KWbsZVVHZCV6io3upenFrj778pZnhobahWimbj1,,,soFTT,-35.480287,,,RepayObligationLiquidity,9KK19KWbsZVVHZCV6io3upenFrj778pZnhobahWimbj1,HjPNpiA8xXHxy3gGLSacGT765SWzupkRCVfkBNG29SLd,main
1639965530,112371669,25F4bNtSD7qMkvR5xZSLch8jBBTs3toz4rCmRjR6dLLgjs7gqZ1xQ1N3wbmWPPoU7CKFRn2aWPGPXmYBZsj5jCXa,9KK19KWbsZVVHZCV6io3upenFrj778pZnhobahWimbj1,,,SOL,-2.14,cSOL,2.1295904780000003,DepositReserveLiquidityAndObligationCollateral,9KK19KWbsZVVHZCV6io3upenFrj778pZnhobahWimbj1,HjPNpiA8xXHxy3gGLSacGT765SWzupkRCVfkBNG29SLd,main
1639965981,112372525,3uoBYhupHGzb3ioR8EXLFxHKdUu663GqpK6Kyunzfh15f5kfeonp57KxwCUELRcp39A3gdYrTygEaxvm4Kg3TpDh,9KK19KWbsZVVHZCV6io3upenFrj778pZnhobahWimbj1,,,SOL,-4.4350000000000005,cSOL,4.413425469,DepositReserveLiquidityAndObligationCollateral,9KK19KWbsZVVHZCV6io3upenFrj778pZnhobahWimbj1,HjPNpiA8xXHxy3gGLSacGT765SWzupkRCVfkBNG29SLd,main
1640037715,112495082,QLB8Ypruq6Q6jAGLDH29LG6boAoyp8tipPuqSUV6qK6u5pPx6NMMy51diA1tYi5KSdHN5ScfMxNQ643XSpxTa2D,9KK19KWbsZVVHZCV6io3upenFrj778pZnhobahWimbj1,,,soFTT,-2.850125,,,RepayObligationLiquidity,9KK19KWbsZVVHZCV6io3upenFrj778pZnhobahWimbj1,HjPNpiA8xXHxy3gGLSacGT765SWzupkRCVfkBNG29SLd,main
1640796820,113882126,5mgqUAGCuGeXSMv5esVxeur69HA2DjDJ147nSZYUBADuAYVDQsTM8DjNi2LURnj8bZfMZ43o9DnYdig2VSk9eHwe,9KK19KWbsZVVHZCV6io3upenFrj778pZnhobahWimbj1,RAY,74.332218,,,cRAY,-66.597291,WithdrawObligationCollateralAndRedeemReserveCollateral,9KK19KWbsZVVHZCV6io3upenFrj778pZnhobahWimbj1,HjPNpiA8xXHxy3gGLSacGT765SWzupkRCVfkBNG29SLd,main
1640797700,113883424,4VwGJiaxv2saGNKf6NNEqmERP21Pu8vQ9uWwmsWUPNy62nNLqkZ4xmq4uV7gtezfe7LVYUbqqETesGvCozkeMRmR,9KK19KWbsZVVHZCV6io3upenFrj778pZnhobahWimbj1,,,RAY,-74.332218,cRAY,66.59664699999999,DepositReserveLiquidityAndObligationCollateral,9KK19KWbsZVVHZCV6io3upenFrj778pZnhobahWimbj1,HjPNpiA8xXHxy3gGLSacGT765SWzupkRCVfkBNG29SLd,main
1641165834,114536042,3NGfGiA8AMzMVF5tbWR9TkAMcAPhNCiUdw6AVnVMCCme1pUaGH526awEUBarphCQ3zs4NJSjhJ7pwXqCESfmJVvm,9KK19KWbsZVVHZCV6io3upenFrj778pZnhobahWimbj1,,,SOL,-1.5,cSOL,1.491682782,DepositReserveLiquidityAndObligationCollateral,9KK19KWbsZVVHZCV6io3upenFrj778pZnhobahWimbj1,HjPNpiA8xXHxy3gGLSacGT765SWzupkRCVfkBNG29SLd,main
1641166161,114536654,3DsrJzbpsdPJvFUX5vUqF3YMTHxtJNnuizbtUWdaodGyYc8tqk5mAZbiqxVxhaUisKXtRR4rRbskpzCtY1JfcDs8,9KK19KWbsZVVHZCV6io3upenFrj778pZnhobahWimbj1,,,SOL,-5.8647,cSOL,5.832180285000001,DepositReserveLiquidityAndObligationCollateral,9KK19KWbsZVVHZCV6io3upenFrj778pZnhobahWimbj1,HjPNpiA8xXHxy3gGLSacGT765SWzupkRCVfkBNG29SLd,main
1641166898,114538059,4ERmcoADetskBcRVrUEZuF5tGKEnk2YF5W44uwVjyfJvaCAduVptPXrabMVRmDu44TVpjUXrqLprvzk7RMxZRQfA,9KK19KWbsZVVHZCV6io3upenFrj778pZnhobahWimbj1,,,SOL,-7.0120000000000005,cSOL,6.973115609000001,DepositReserveLiquidityAndObligationCollateral,9KK19KWbsZVVHZCV6io3upenFrj778pZnhobahWimbj1,HjPNpiA8xXHxy3gGLSacGT765SWzupkRCVfkBNG29SLd,main
1641248240,114674254,2RSA6ogibw3c97tg3zZwuXbjRkSYfRFrfB3pPNUJoRfsAZYjXyv81BzvyjtLZF4Y7oo6HtmJ3vvPgHd3SriShqvU,9KK19KWbsZVVHZCV6io3upenFrj778pZnhobahWimbj1,,,SLND,-14.479814,cSLND,14.476818,DepositReserveLiquidityAndObligationCollateral,9KK19KWbsZVVHZCV6io3upenFrj778pZnhobahWimbj1,HjPNpiA8xXHxy3gGLSacGT765SWzupkRCVfkBNG29SLd,main
1641319963,114796025,3NavpvJ47dC9L1kqzVaRsabD1JhZz3FfmmBbBBgUQ8xfaZSD4x7HgtPxkSxG8f1oyk8UvzrebT2hyo1xmvazJaL3,9KK19KWbsZVVHZCV6io3upenFrj778pZnhobahWimbj1,,,SOL,-8.034,cSOL,7.988821035000001,DepositReserveLiquidityAndObligationCollateral,9KK19KWbsZVVHZCV6io3upenFrj778pZnhobahWimbj1,HjPNpiA8xXHxy3gGLSacGT765SWzupkRCVfkBNG29SLd,main
1641518028,115124414,3kKVBpisUs2Dq5ZPC1ArPrgY7scpkHDrE9jLHQsQwoRujCZtwEYkG1qj6Py7kjwZg3cS6eVQCJ8nTEPEJ4mwhuBT,9KK19KWbsZVVHZCV6io3upenFrj778pZnhobahWimbj1,SLND,14.480326999999999,,,cSLND,-14.476818,WithdrawObligationCollateralAndRedeemReserveCollateral,9KK19KWbsZVVHZCV6io3upenFrj778pZnhobahWimbj1,HjPNpiA8xXHxy3gGLSacGT765SWzupkRCVfkBNG29SLd,main
1641518106,115124533,3Z12r9mpKbTEs7jniqxnz6EGrhQ9oTqvbLWCpfxjxemQeEFL6wfKrm4G2wYDxR47qK6jjM8xk1X2vqccvYC8Yipw,9KK19KWbsZVVHZCV6io3upenFrj778pZnhobahWimbj1,RAY,1100.000806,,,cRAY,-976.7905599999999,WithdrawObligationCollateralAndRedeemReserveCollateral,9KK19KWbsZVVHZCV6io3upenFrj778pZnhobahWimbj1,HjPNpiA8xXHxy3gGLSacGT765SWzupkRCVfkBNG29SLd,main
1641518289,115124818,4nax2DDHVx9jvbYMQjMmxGS63YxY6pjyqoqSXEoe4CRkTZXhJacGwAGbbo5ti5hZLdDHGW3tNt52Sq6aeJvfL1yd,9KK19KWbsZVVHZCV6io3upenFrj778pZnhobahWimbj1,,,SOL,-43.150000000000006,cSOL,42.902516962,DepositReserveLiquidityAndObligationCollateral,9KK19KWbsZVVHZCV6io3upenFrj778pZnhobahWimbj1,HjPNpiA8xXHxy3gGLSacGT765SWzupkRCVfkBNG29SLd,main
1641518324,115124873,66EJQh3TeLCD4w1QxZVuiSgLrbVqtHfBZELxuE8B7vPgogkXj4QLRYyfNC4oR9AFNPseNpnqVf19y9djcriRonxq,9KK19KWbsZVVHZCV6io3upenFrj778pZnhobahWimbj1,RAY,1038.88923,,,cRAY,-922.52208,WithdrawObligationCollateralAndRedeemReserveCollateral,9KK19KWbsZVVHZCV6io3upenFrj778pZnhobahWimbj1,HjPNpiA8xXHxy3gGLSacGT765SWzupkRCVfkBNG29SLd,main
1641518402,115124994,4i9w8BBba8qVLp1TcpVXMTLyd3CFEFY1kqeeCQtjMzSueguoZJQfThE5e4bRRNSJWFYeJJyHs7Nybd4HJ2K9MPL3,9KK19KWbsZVVHZCV6io3upenFrj778pZnhobahWimbj1,,,SOL,-40.74,cSOL,40.506336801,DepositReserveLiquidityAndObligationCollateral,9KK19KWbsZVVHZCV6io3upenFrj778pZnhobahWimbj1,HjPNpiA8xXHxy3gGLSacGT765SWzupkRCVfkBNG29SLd,main
1641518626,115125350,5ig3oUphebcDa1rKVxu5QtJEXfF7CzVpm9b8R44xhxVKMD5atjADmr22fdSHg3TCZv6NkPT5RX8C5wjGgBnQTAKQ,9KK19KWbsZVVHZCV6io3upenFrj778pZnhobahWimbj1,soFTT,146.925622,,,,,BorrowObligationLiquidity,,HjPNpiA8xXHxy3gGLSacGT765SWzupkRCVfkBNG29SLd,main
1641519004,115125909,5d4vNegNygPjEFmP8UJZm2E5pv8GHEy1yVDdpiaWuq28TxdHCcmHJBxrTukgBkAR3pGXoKxvvPedspEDKdC1mFFk,9KK19KWbsZVVHZCV6io3upenFrj778pZnhobahWimbj1,,,SOL,-35.417,cSOL,35.213855377,DepositReserveLiquidityAndObligationCollateral,9KK19KWbsZVVHZCV6io3upenFrj778pZnhobahWimbj1,HjPNpiA8xXHxy3gGLSacGT765SWzupkRCVfkBNG29SLd,main
1641519095,115126041,2yzUahTonfuB2f5XH1FxxeauZSiTQ6TRdX9Ho1KBeVjVy2CxKouURNzB5pg8cdn3cxxTrSLo8MitJKBRGZTpuLaL,9KK19KWbsZVVHZCV6io3upenFrj778pZnhobahWimbj1,soFTT,13.073589,,,,,BorrowObligationLiquidity,,HjPNpiA8xXHxy3gGLSacGT765SWzupkRCVfkBNG29SLd,main
1641519190,115126189,29e28SwX1vK43GSanmX3ywTLxE4PRQJz8zKqgfHFS2Aed4qRBVBVU7Z9hySPURgLwr3R4iHbGmmK4Moyh99TpYMj,9KK19KWbsZVVHZCV6io3upenFrj778pZnhobahWimbj1,,,SOL,-3.3917800000000002,cSOL,3.372325115,DepositReserveLiquidityAndObligationCollateral,9KK19KWbsZVVHZCV6io3upenFrj778pZnhobahWimbj1,HjPNpiA8xXHxy3gGLSacGT765SWzupkRCVfkBNG29SLd,main
1642444128,116692543,3NVgoyxKdsooWQf7PGr3rGKNy79SeXQhwWvrtsJubRfHUPPKdb6w4CNDSQWHqKd6KjsVsYtwDoXLEjzu8HFvAZ3a,9KK19KWbsZVVHZCV6io3upenFrj778pZnhobahWimbj1,soETH,0.156337,,,csoETH,-0.154823,WithdrawObligationCollateralAndRedeemReserveCollateral,9KK19KWbsZVVHZCV6io3upenFrj778pZnhobahWimbj1,HjPNpiA8xXHxy3gGLSacGT765SWzupkRCVfkBNG29SLd,main
1642444551,116693112,3g3vXBBSmoCzf4C3kqXGUdX55JHDR5f7W5HwBUtqpAwZqmf3FD8sjJcfjttYCEnokpDUBX5ZegrHTzny1bNtTD2x,9KK19KWbsZVVHZCV6io3upenFrj778pZnhobahWimbj1,,,soETH,-0.156337,csoETH,0.154822,DepositReserveLiquidityAndObligationCollateral,9KK19KWbsZVVHZCV6io3upenFrj778pZnhobahWimbj1,HjPNpiA8xXHxy3gGLSacGT765SWzupkRCVfkBNG29SLd,main
1642892156,117376795,4fHA8DuymNAkA13m4XxVkKkX2HxC2YHF7RJ2E5XDXfXHTfVzgf6FrzWJTQhNirgPGqtqkt6WYfCRmi112ecxBGFU,9KK19KWbsZVVHZCV6io3upenFrj778pZnhobahWimbj1,soETH,0.999999,,,csoETH,-0.989983,WithdrawObligationCollateralAndRedeemReserveCollateral,9KK19KWbsZVVHZCV6io3upenFrj778pZnhobahWimbj1,HjPNpiA8xXHxy3gGLSacGT765SWzupkRCVfkBNG29SLd,main
1642892289,117377002,44jRHrsR5jUDGb5jDHNfCXGF6UfzES5naiKrrzxHSvvbqm1H6sjyS9To7zRp2BQ3u9QmT8kPWwTWdY4Prmck3rDK,9KK19KWbsZVVHZCV6io3upenFrj778pZnhobahWimbj1,,,soFTT,-70.446097,,,RepayObligationLiquidity,9KK19KWbsZVVHZCV6io3upenFrj778pZnhobahWimbj1,HjPNpiA8xXHxy3gGLSacGT765SWzupkRCVfkBNG29SLd,main
1642892326,117377068,WnHBwrZG3biNyv1F4CHEGKP8JdDrtDfvE2MR9KmdeY1Qrpi1cCv1ix14PiuvUL8VncCh9EG5DFkJYG8QJ3Jntfg,9KK19KWbsZVVHZCV6io3upenFrj778pZnhobahWimbj1,soETH,0.999999,,,csoETH,-0.989983,WithdrawObligationCollateralAndRedeemReserveCollateral,9KK19KWbsZVVHZCV6io3upenFrj778pZnhobahWimbj1,HjPNpiA8xXHxy3gGLSacGT765SWzupkRCVfkBNG29SLd,main
1642892379,117377157,3DRUPupmk25R5LQNZiKsMMhqHJG4zZ38BiAZTqK4ZHNVdrbYCPPJnW8GH93E4hRvHZFrafZjHsvNdJGDFyqB1nTj,9KK19KWbsZVVHZCV6io3upenFrj778pZnhobahWimbj1,,,soFTT,-70.174939,,,RepayObligationLiquidity,9KK19KWbsZVVHZCV6io3upenFrj778pZnhobahWimbj1,HjPNpiA8xXHxy3gGLSacGT765SWzupkRCVfkBNG29SLd,main
1642892434,117377256,7tSYWFbqMcgEKdrL2NsFvoFRzF5p3foifb2P5AEKprgSJQedZU9Qdc19hitFCHMqbh1hQqmuHFXhNs9YbeSGqw8,9KK19KWbsZVVHZCV6io3upenFrj778pZnhobahWimbj1,soETH,0.999999,,,csoETH,-0.989983,WithdrawObligationCollateralAndRedeemReserveCollateral,9KK19KWbsZVVHZCV6io3upenFrj778pZnhobahWimbj1,HjPNpiA8xXHxy3gGLSacGT765SWzupkRCVfkBNG29SLd,main
1642892520,117377399,3mfZ6bozxEsfc5TUt5sAGJNUwnn6BgiJPs7iviLuhbXKmummDZpCkdRoFFH2h6DxSvTyJYYznVmXbj8pKX9B37D6,9KK19KWbsZVVHZCV6io3upenFrj778pZnhobahWimbj1,,,soFTT,-70.17500199999999,,,RepayObligationLiquidity,9KK19KWbsZVVHZCV6io3upenFrj778pZnhobahWimbj1,HjPNpiA8xXHxy3gGLSacGT765SWzupkRCVfkBNG29SLd,main
1642892545,117377436,48Cn2Xf85HYnth4zWQ4LvVQxjArAg4wfQn3xhfHxHXv9T2ZMFeLok6vYUzrDqPrsJQgdyuumPS1kHXYYcgQSBn9i,9KK19KWbsZVVHZCV6io3upenFrj778pZnhobahWimbj1,soETH,1.9999989999999999,,,csoETH,-1.979966,WithdrawObligationCollateralAndRedeemReserveCollateral,9KK19KWbsZVVHZCV6io3upenFrj778pZnhobahWimbj1,HjPNpiA8xXHxy3gGLSacGT765SWzupkRCVfkBNG29SLd,main
1642892612,117377551,3rnJQjP9feDEX9u2Qu2rw3E3V5gg41iQ2BTxYtjx6Ws2Z9YCnQcioKPLbtjE8beN2hyHfdbW7jtQPEcqTVyjGPE7,9KK19KWbsZVVHZCV6io3upenFrj778pZnhobahWimbj1,,,soFTT,-138.88445199999998,,,RepayObligationLiquidity,9KK19KWbsZVVHZCV6io3upenFrj778pZnhobahWimbj1,HjPNpiA8xXHxy3gGLSacGT765SWzupkRCVfkBNG29SLd,main
1642892646,117377610,2qHcyxHM2BeJcJqkboeW1Dz3X1X6pHacv6VD9Fv4XMeReYqcVEkj2zRJZvEfLezJHkqSxz2wxdArsXiG9TqF8K17,9KK19KWbsZVVHZCV6io3upenFrj778pZnhobahWimbj1,soETH,1.514606,,,csoETH,-1.4994349999999999,WithdrawObligationCollateralAndRedeemReserveCollateral,9KK19KWbsZVVHZCV6io3upenFrj778pZnhobahWimbj1,HjPNpiA8xXHxy3gGLSacGT765SWzupkRCVfkBNG29SLd,main
1642892730,117377761,5cepHBJVaxXdrXp3c2tS5gsrHf2xaTKuBjsthLYGp78ZRREGdWDuSRWKWvZRDHXHyJrVTaAmdAfU3qYf3sZ8F8E1,9KK19KWbsZVVHZCV6io3upenFrj778pZnhobahWimbj1,,,soFTT,-105.557701,,,RepayObligationLiquidity,9KK19KWbsZVVHZCV6io3upenFrj778pZnhobahWimbj1,HjPNpiA8xXHxy3gGLSacGT765SWzupkRCVfkBNG29SLd,main
1642892773,117377827,7veycq4jgZCVJHrnvMdWZzQSn5jiinyzq3S2JnM6eRUnD8BQ6o4tbCFgFwWRCNVCMyP2dzYZT65FwK52nFdqprC,9KK19KWbsZVVHZCV6io3upenFrj778pZnhobahWimbj1,soETH,0.037885999999999996,,,csoETH,-0.037507,WithdrawObligationCollateralAndRedeemReserveCollateral,9KK19KWbsZVVHZCV6io3upenFrj778pZnhobahWimbj1,HjPNpiA8xXHxy3gGLSacGT765SWzupkRCVfkBNG29SLd,main
1642892849,117377965,5tqXkAxftZrtQ3SzYKysi7MwDAKabDgdmqnnVtDR9nBFCwLnCRKdnXcy9M9H8f6rEWgPgBrT7AStd2bjtFsnpuFg,9KK19KWbsZVVHZCV6io3upenFrj778pZnhobahWimbj1,,,soFTT,-1.7494969999999999,,,RepayObligationLiquidity,9KK19KWbsZVVHZCV6io3upenFrj778pZnhobahWimbj1,HjPNpiA8xXHxy3gGLSacGT765SWzupkRCVfkBNG29SLd,main
1642892891,117378041,VE29aKCHavTmxA94TD1Sd7AfvAuPJyHLmp5MWP2sW2xDFtNexmiMS5D87mZJFatbYSbq3Xc2jWHfo2GML5Fv3Qe,9KK19KWbsZVVHZCV6io3upenFrj778pZnhobahWimbj1,,,soETH,-0.01,csoETH,0.009899,DepositReserveLiquidityAndObligationCollateral,9KK19KWbsZVVHZCV6io3upenFrj778pZnhobahWimbj1,HjPNpiA8xXHxy3gGLSacGT765SWzupkRCVfkBNG29SLd,main
1642893060,117378318,hppRrZosM2wxuwytUAmJw95ZGPdWg3prcKTiNQfw9kpY8ikLpEUoPoDrNQy4HKZS1ZZBGiNtCqTwh1zSoWuwHXi,9KK19KWbsZVVHZCV6io3upenFrj778pZnhobahWimbj1,,,SOL,-0.079,cSOL,0.07849191600000001,DepositReserveLiquidityAndObligationCollateral,9KK19KWbsZVVHZCV6io3upenFrj778pZnhobahWimbj1,HjPNpiA8xXHxy3gGLSacGT765SWzupkRCVfkBNG29SLd,main
1643422160,118311050,3JnGa5U8swYK9gBm6dV2SksJ8BrFHHsmpt2ZDjgrG4jdoNAtvmUdfpgLJieNESenvqZRskXxKT7yU1q9WpjnnkfB,9KK19KWbsZVVHZCV6io3upenFrj778pZnhobahWimbj1,soETH,1.696095,,,csoETH,-1.678386,WithdrawObligationCollateralAndRedeemReserveCollateral,9KK19KWbsZVVHZCV6io3upenFrj778pZnhobahWimbj1,HjPNpiA8xXHxy3gGLSacGT765SWzupkRCVfkBNG29SLd,main
1643422348,118311394,jfRiyNxWBVHvhvr1wkTApkyiaVrrNrcdoeVd5okqGVmjRKHkVg2rP5fcxw5X6u7U4rgJQ17WgHJn3iQddW3iKbY,9KK19KWbsZVVHZCV6io3upenFrj778pZnhobahWimbj1,SOL,38.788188816,,,cSOL,-38.526590855,WithdrawObligationCollateralAndRedeemReserveCollateral,9KK19KWbsZVVHZCV6io3upenFrj778pZnhobahWimbj1,HjPNpiA8xXHxy3gGLSacGT765SWzupkRCVfkBNG29SLd,main
1646166532,123050335,2JrkcmwJp686ntWicTLvoUsxAzuVm842htUUxmrad5f4L5ZEdDhiZZBxXPpxnrQuDNWjrth5tKwcVxw2WJ5iqDqe,9KK19KWbsZVVHZCV6io3upenFrj778pZnhobahWimbj1,,,SLND,-14.480326999999999,cSLND,14.456786,DepositReserveLiquidityAndObligationCollateral,9KK19KWbsZVVHZCV6io3upenFrj778pZnhobahWimbj1,HjPNpiA8xXHxy3gGLSacGT765SWzupkRCVfkBNG29SLd,main
1646166865,123050887,4QukQ29simoRCrZmTBKDE5PLUP7boLr7cxs2dJefWMBMKPphC3kPMYvUWQS2jT2eErqeMxwn9fptJsP9uDWw5cXv,9KK19KWbsZVVHZCV6io3upenFrj778pZnhobahWimbj1,,,,,,,InitObligation,,9Wpsxa8VExzaAvHeFNJqXtHT3RoJdcB1g5EDVnwmTGdh,TURBO SOL
1646166865,123050887,4QukQ29simoRCrZmTBKDE5PLUP7boLr7cxs2dJefWMBMKPphC3kPMYvUWQS2jT2eErqeMxwn9fptJsP9uDWw5cXv,9KK19KWbsZVVHZCV6io3upenFrj778pZnhobahWimbj1,,,SOL,-5.0,cSOL,4.997246287,DepositReserveLiquidityAndObligationCollateral,9KK19KWbsZVVHZCV6io3upenFrj778pZnhobahWimbj1,9Wpsxa8VExzaAvHeFNJqXtHT3RoJdcB1g5EDVnwmTGdh,TURBO SOL
1646166920,123050977,3CNQTMR5LcHrU6BxMFNZDMXNqLX1ieyxgCuKUyDpDGXqPoPGZgmAqKYkUMps8DoUCSpj6Uydj1zGEArLr8hqAAvN,9KK19KWbsZVVHZCV6io3upenFrj778pZnhobahWimbj1,SOL,5.000000029000001,,,cSOL,-4.997246287,WithdrawObligationCollateralAndRedeemReserveCollateral,9KK19KWbsZVVHZCV6io3upenFrj778pZnhobahWimbj1,9Wpsxa8VExzaAvHeFNJqXtHT3RoJdcB1g5EDVnwmTGdh,TURBO SOL
